"win","is_home","runs_scored","runs_allowed","run_diff","early_runs","middle_runs","late_runs","scored_first","led_after_3","led_after_6","AB","H","BB","SO","double","triple","HR","extra_base_hits","power_score","run_per_hit","offense_pressure_score","innings_pitched","hits_allowed","bb_allowed","hr_allowed","so_pitched","whip_like","strikeout_walk_ratio","run_prevention_score"
"win","home",3,2,1,1,2,0,"yes","yes","yes",26,6,4,4,3,0,0,3,3,0.5,8,9,6,4,0,11,1.11111111111111,2.75,5
"loss","away",2,3,-1,0,1,1,"no","no","no",30,6,4,11,2,0,0,2,2,0.333333333333333,2.5,8,6,4,0,4,1.25,1,-3
"win","home",5,3,2,2,3,0,"yes","yes","yes",28,9,5,2,2,1,0,3,4,0.555555555555556,12,9,7,4,1,6,1.22222222222222,1.5,-2
"loss","away",3,5,-2,1,2,0,"no","no","no",32,7,4,6,1,0,1,2,4,0.428571428571429,6,8,9,5,0,2,1.75,0.4,-8
"loss","home",5,9,-4,1,1,3,"yes","yes","no",35,12,1,4,2,0,0,2,2,0.416666666666667,6,9,14,2,0,7,1.77777777777778,3.5,-4
"win","away",9,5,4,0,7,2,"no","no","yes",41,14,2,7,1,1,0,2,3,0.642857142857143,9.5,9,12,1,0,4,1.44444444444444,4,-2
"win","home",12,1,11,5,6,1,"yes","yes","yes",36,12,8,5,1,0,3,4,10,1,21.5,9,7,3,0,5,1.11111111111111,1.66666666666667,1
"loss","away",1,12,-11,0,0,1,"no","no","no",33,7,3,5,0,0,0,0,0,0.142857142857143,1.5,8,12,8,3,5,2.5,0.625,-18
"win","home",1,0,1,0,0,1,"yes","no","no",32,7,0,13,0,0,1,1,3,0.142857142857143,-4.5,9,5,3,0,7,0.888888888888889,2.33333333333333,4
"loss","away",0,1,-1,0,0,0,"no","no","no",31,5,3,7,1,0,0,1,1,0,0.5,8.66666666666667,7,0,1,13,0.807692307692308,13,11
"win","home",7,1,6,0,5,2,"yes","no","yes",35,12,2,2,1,1,1,3,6,0.583333333333333,11,9,5,2,0,3,0.777777777777778,1.5,0
"loss","away",1,7,-6,0,0,1,"no","no","no",32,5,2,3,0,1,0,1,2,0.2,2.5,8,12,2,1,2,1.75,1,-8
"loss","home",3,4,-1,2,0,1,"yes","no","no",34,8,3,11,2,1,1,4,7,0.375,4.5,9,8,2,1,3,1.11111111111111,1.5,-4
"win","away",4,3,1,2,1,1,"no","no","yes",35,8,2,3,2,1,1,4,7,0.5,8.5,9,8,3,1,11,1.22222222222222,3.66666666666667,4
"loss","home",3,11,-8,2,1,0,"yes","yes","yes",34,6,2,7,2,0,0,2,2,0.5,3.5,9,11,5,1,3,1.77777777777778,0.6,-14
"win","away",11,3,8,0,0,11,"no","no","no",36,11,5,3,2,0,1,3,5,1,17.5,9,6,2,0,7,0.888888888888889,3.5,2
"win","home",4,3,1,1,2,0,"no","no","yes",36,11,4,9,1,0,0,1,1,0.363636363636364,4.5,10,9,1,0,3,1,3,-1
"loss","away",3,4,-1,1,0,2,"yes","no","no",38,9,1,3,4,0,0,4,4,0.333333333333333,6.5,9,11,4,0,9,1.66666666666667,2.25,1
"win","home",2,1,1,1,1,0,"no","no","yes",32,9,0,8,3,0,0,3,3,0.222222222222222,1,9,7,2,0,7,1,3.5,4
"loss","away",1,2,-1,1,0,0,"yes","no","no",33,7,2,7,2,0,0,2,2,0.142857142857143,1.5,8,9,0,0,8,1.125,8,6
"loss","home",0,5,-5,0,0,0,"no","no","no",30,4,3,9,1,0,0,1,1,0,-0.5,9,9,6,1,8,1.66666666666667,1.33333333333333,-4
"win","away",5,0,5,2,2,1,"yes","yes","yes",33,9,6,8,1,0,1,2,4,0.555555555555556,9,9,4,3,0,9,0.777777777777778,3,6
"loss","home",3,4,-1,2,1,0,"no","yes","no",35,10,4,6,1,0,0,1,1,0.3,5,9,11,0,0,7,1.22222222222222,7,3
"win","away",4,3,1,1,3,0,"yes","no","yes",35,11,0,7,1,0,0,1,1,0.363636363636364,1.5,9,10,4,0,6,1.55555555555556,1.5,-1
"win","away",7,1,6,3,1,3,"yes","yes","yes",38,15,3,4,3,0,0,3,3,0.466666666666667,11,9,4,4,1,15,0.888888888888889,3.75,9
"loss","home",1,7,-6,0,1,0,"no","no","no",30,4,4,15,0,0,1,1,3,0.25,-1.5,9,15,3,0,4,2,1.33333333333333,-6
"loss","home",2,4,-2,1,0,1,"yes","no","no",30,5,3,6,1,1,2,4,9,0.4,6,9,8,3,1,7,1.22222222222222,2.33333333333333,-1
"win","away",4,2,2,1,1,2,"no","no","yes",32,8,3,7,1,0,1,2,4,0.5,5.5,9,5,3,2,6,0.888888888888889,2,-1
"win","away",10,0,10,5,0,5,"yes","yes","yes",37,11,5,5,5,0,1,6,8,0.909090909090909,18.5,9,3,0,0,7,0.333333333333333,7,7
"loss","home",0,10,-10,0,0,0,"no","no","no",30,3,0,7,0,1,0,1,2,0,-2.5,9,11,5,1,5,1.77777777777778,1,-11
"loss","away",5,16,-11,0,4,1,"no","no","no",36,13,1,5,2,1,1,4,7,0.384615384615385,7.5,8,18,6,1,8,3,1.33333333333333,-15
"win","home",16,5,11,7,8,1,"yes","yes","yes",39,18,6,8,4,1,1,6,9,0.888888888888889,24,9,13,1,1,5,1.55555555555556,5,-2
"loss","away",3,4,-1,0,1,2,"yes","no","no",31,6,5,9,0,0,1,1,3,0.5,4.5,8.33333333333333,8,2,0,4,1.2,2,-2
"win","home",4,3,1,0,1,3,"no","no","no",31,8,2,4,1,0,0,1,1,0.5,5,9,6,5,1,9,1.22222222222222,1.8,0
"win","away",5,4,1,3,2,0,"yes","yes","yes",33,10,4,5,2,0,0,2,2,0.5,8.5,9,6,2,2,5,0.888888888888889,2.5,-3
"loss","home",4,5,-1,0,4,0,"no","no","no",32,6,2,5,0,0,2,2,6,0.666666666666667,5.5,9,10,4,0,5,1.55555555555556,1.25,-4
"win","away",14,4,10,1,10,3,"yes","yes","yes",43,17,6,6,4,1,3,8,15,0.823529411764706,25,9,9,3,0,8,1.33333333333333,2.66666666666667,1
"loss","home",4,14,-10,0,3,1,"no","no","no",33,9,3,8,0,0,0,0,0,0.444444444444444,3,9,17,6,3,6,2.55555555555556,1,-17
"win","away",3,2,1,1,1,1,"no","no","no",32,6,6,11,0,0,0,0,0,0.5,3.5,9,5,4,0,3,1,0.75,-3
"loss","home",2,3,-1,2,0,0,"no","yes","no",30,5,4,3,1,1,0,2,3,0.4,6.5,9,6,6,0,11,1.33333333333333,1.83333333333333,2
"loss","away",0,4,-4,0,0,0,"no","no","no",32,5,0,6,0,0,0,0,0,0,-3,8,11,2,0,3,1.625,1.5,-3
"win","home",4,0,4,1,0,3,"yes","yes","yes",29,11,2,3,0,0,0,0,0,0.363636363636364,4.5,9,5,0,0,6,0.555555555555556,6,6
"win","away",4,1,3,0,2,2,"no","no","yes",33,6,3,5,0,0,0,0,0,0.666666666666667,4.5,9,5,2,0,3,0.777777777777778,1.5,0
"loss","home",1,4,-3,1,0,0,"yes","yes","no",29,5,2,3,0,0,0,0,0,0.2,1.5,9,6,3,0,5,1,1.66666666666667,-2
"loss","away",0,2,-2,0,0,0,"no","no","no",29,3,2,10,0,0,0,0,0,0,-3,8,5,2,0,3,0.875,1.5,-1
"win","home",2,0,2,1,0,1,"yes","yes","yes",27,5,2,3,0,1,0,1,2,0.4,3.5,9,3,2,0,10,0.555555555555556,5,8
"win","home",4,0,4,4,0,0,"yes","yes","yes",30,8,3,8,0,1,2,3,8,0.5,6,9,7,2,0,9,1,4.5,7
"loss","away",0,4,-4,0,0,0,"no","no","no",35,7,2,9,2,0,0,2,2,0,-0.5,8,8,3,2,8,1.375,2.66666666666667,-1
"loss","away",4,5,-1,0,2,2,"yes","no","no",30,7,7,5,2,0,1,3,5,0.571428571428571,11.5,8,10,0,1,4,1.25,4,-2
"win","home",5,4,1,0,5,0,"no","no","yes",33,10,0,4,1,0,1,2,4,0.5,5,9,7,7,1,5,1.55555555555556,0.714285714285714,-7
"loss","away",0,4,-4,0,0,0,"no","no","no",30,3,1,11,0,0,0,0,0,0,-4.5,8,9,5,1,9,1.75,1.8,-1
"win","home",4,0,4,2,1,1,"yes","yes","yes",31,9,5,9,1,0,1,2,4,0.444444444444444,6.5,9,3,1,0,11,0.444444444444444,11,10
"loss","away",1,8,-7,0,1,0,"no","no","no",34,10,3,8,1,0,0,1,1,0.1,1,8,10,2,0,2,1.5,1,-8
"win","home",8,1,7,7,1,0,"yes","yes","yes",31,10,2,2,4,0,0,4,4,0.8,13,9,10,3,0,8,1.44444444444444,2.66666666666667,4
"loss","away",4,11,-7,1,1,2,"yes","yes","no",37,11,3,8,3,0,1,4,6,0.363636363636364,7,8,16,4,0,5,2.5,1.25,-10
"win","home",11,4,7,0,10,1,"no","no","yes",35,16,4,5,0,0,0,0,0,0.6875,12.5,9,11,3,1,8,1.55555555555556,2.66666666666667,0
"win","away",6,0,6,0,6,0,"yes","no","yes",34,9,6,2,3,0,0,3,3,0.666666666666667,14,9,4,0,0,8,0.444444444444444,8,8
"loss","home",0,6,-6,0,0,0,"no","no","no",31,4,0,8,0,0,0,0,0,0,-4,9,9,6,0,2,1.66666666666667,0.333333333333333,-10
"win","away",5,3,2,2,3,0,"yes","yes","yes",34,8,4,3,0,1,0,1,2,0.625,8.5,9,8,0,1,5,0.888888888888889,5,1
"loss","home",3,5,-2,0,1,2,"no","no","no",34,8,0,5,2,0,1,3,5,0.375,3.5,9,8,4,0,3,1.33333333333333,0.75,-6
"loss","home",3,4,-1,1,2,0,"yes","yes","yes",33,10,3,9,0,0,0,0,0,0.3,1.5,9,9,6,0,8,1.66666666666667,1.33333333333333,-2
"win","away",4,3,1,0,0,4,"no","no","no",34,9,6,8,3,0,0,3,3,0.444444444444444,9,9,10,3,0,9,1.44444444444444,3,3
"loss","home",6,8,-2,5,0,1,"yes","no","no",37,12,4,9,3,0,2,5,9,0.5,10.5,9,9,7,0,9,1.77777777777778,1.28571428571429,-6
"win","away",8,6,2,6,2,0,"no","yes","yes",33,9,7,9,0,0,0,0,0,0.888888888888889,10.5,9,12,4,2,9,1.77777777777778,2.25,-3
"win","away",4,3,1,2,2,0,"no","yes","yes",31,8,2,11,2,1,0,3,4,0.5,3.5,9,10,0,0,8,1.11111111111111,8,5
"loss","home",3,4,-1,1,2,0,"yes","no","no",35,10,0,8,2,1,0,3,4,0.3,2,9,8,2,0,11,1.11111111111111,5.5,5
"win","home",13,2,11,1,11,1,"yes","no","yes",36,12,9,4,3,0,0,3,3,1.08333333333333,23,9,7,0,0,2,0.777777777777778,2,0
"loss","away",2,13,-11,1,0,1,"no","no","no",34,7,0,2,1,0,0,1,1,0.285714285714286,2,8,12,9,0,4,2.625,0.444444444444444,-18
"loss","home",2,3,-1,1,1,0,"yes","yes","no",34,10,5,4,3,0,0,3,3,0.2,8,9,11,2,1,10,1.44444444444444,5,4
"win","away",3,2,1,0,3,0,"no","no","yes",35,11,2,10,2,0,1,3,5,0.272727272727273,3,9,10,5,0,4,1.66666666666667,0.8,-3
"loss","home",0,3,-3,0,0,0,"no","no","no",29,5,2,6,0,0,0,0,0,0,-1,9,6,4,1,12,1.11111111111111,3,4
"win","away",3,0,3,0,3,0,"yes","no","yes",30,6,4,12,0,0,1,1,3,0.5,2,9,5,2,0,6,0.777777777777778,3,4
"win","away",7,3,4,4,2,1,"yes","yes","yes",35,10,6,2,1,1,1,3,6,0.7,15,9,7,2,0,7,1,3.5,2
"loss","home",3,7,-4,1,0,2,"no","no","no",32,7,2,7,1,0,0,1,1,0.428571428571429,2.5,9,10,6,1,2,1.77777777777778,0.333333333333333,-12
"loss","home",5,9,-4,1,3,1,"yes","no","no",41,15,1,7,1,0,0,1,1,0.333333333333333,3.5,9,15,3,1,6,2,2,-7
"win","away",9,5,4,5,0,4,"no","yes","yes",41,15,3,6,5,0,1,6,8,0.6,15,9,15,1,0,7,1.77777777777778,7,1
"loss","home",4,5,-1,4,0,0,"yes","yes","yes",33,9,5,11,1,0,1,2,4,0.444444444444444,5.5,9,12,5,0,8,1.88888888888889,1.6,-2
"win","away",5,4,1,0,2,3,"no","no","no",37,12,5,8,0,0,0,0,0,0.416666666666667,6,9,9,5,1,11,1.55555555555556,2.2,1
"loss","away",2,6,-4,1,0,1,"yes","yes","no",32,6,6,10,0,0,1,1,3,0.333333333333333,4,8,10,2,1,8,1.5,4,-1
"win","home",6,2,4,0,4,2,"no","no","yes",33,10,2,8,0,1,1,2,5,0.6,6,9,6,6,1,10,1.33333333333333,1.66666666666667,1
"loss","home",3,7,-4,1,2,0,"yes","yes","no",31,6,1,6,0,0,1,1,3,0.5,2,9,11,3,1,5,1.55555555555556,1.66666666666667,-6
"win","away",7,3,4,0,6,1,"no","no","yes",38,11,3,5,3,0,1,4,6,0.636363636363636,11.5,9,6,1,1,6,0.777777777777778,6,1
"win","home",5,4,1,0,1,2,"no","no","no",35,11,6,5,3,1,1,5,8,0.454545454545455,13.5,10,5,2,0,6,0.7,3,0
"loss","away",4,5,-1,3,0,0,"yes","yes","yes",32,5,2,6,2,0,0,2,2,0.8,5,9.33333333333333,11,6,1,5,1.82142857142857,0.833333333333333,-7
"win","away",5,0,5,4,0,1,"yes","yes","yes",31,8,9,5,2,0,0,2,2,0.625,13.5,9,5,3,0,6,0.888888888888889,2,3
"loss","home",0,5,-5,0,0,0,"no","no","no",31,5,3,6,1,0,0,1,1,0,1,9,8,9,0,5,1.88888888888889,0.555555555555556,-9
"loss","away",0,4,-4,0,0,0,"no","no","no",30,4,1,5,0,0,0,0,0,0,-1.5,8,7,4,0,7,1.375,1.75,-1
"win","home",4,0,4,4,0,0,"yes","yes","yes",30,7,4,7,0,2,0,2,4,0.571428571428571,6.5,9,4,1,0,5,0.555555555555556,5,4
"win","away",6,3,3,0,3,3,"yes","no","yes",36,9,9,6,0,0,1,1,3,0.666666666666667,13,9,8,3,0,15,1.22222222222222,5,9
"loss","home",3,6,-3,0,1,2,"no","no","no",34,8,3,15,3,0,0,3,3,0.375,1.5,9,9,9,1,6,2,0.666666666666667,-10
"loss","away",8,9,-1,1,5,2,"no","no","yes",35,10,7,14,3,1,0,4,5,0.8,12,8.33333333333333,15,6,0,5,2.52,0.833333333333333,-10
"win","home",9,8,1,3,0,6,"yes","yes","no",37,15,6,5,6,0,0,6,6,0.6,18.5,9,10,7,0,14,1.88888888888889,2,-1
"loss","away",1,4,-3,1,0,0,"no","no","no",26,3,4,6,0,0,1,1,3,0.333333333333333,3,8,10,1,1,3,1.375,3,-3
"win","home",4,1,3,2,0,2,"yes","yes","yes",32,10,1,3,1,1,1,3,6,0.4,6.5,9,3,4,1,6,0.777777777777778,1.5,0
"loss","away",0,6,-6,0,0,0,"no","no","no",29,3,3,6,0,0,0,0,0,0,0,8,13,3,1,8,2,2.66666666666667,-2
"win","home",6,0,6,4,1,1,"yes","yes","yes",35,13,3,8,0,0,1,1,3,0.461538461538462,6,9,3,3,0,6,0.666666666666667,2,3
"win","away",4,2,2,3,1,0,"no","yes","yes",34,7,3,5,2,1,1,4,7,0.571428571428571,8.5,9,6,2,1,4,0.888888888888889,2,-1
"loss","home",2,4,-2,1,0,1,"no","no","no",31,6,2,4,2,0,1,3,5,0.333333333333333,5,9,7,3,1,5,1.11111111111111,1.66666666666667,-3
"loss","away",1,3,-2,1,0,0,"yes","yes","no",33,6,2,9,1,0,0,1,1,0.166666666666667,-0.5,8,8,2,0,5,1.25,2.5,0
"win","home",3,1,2,0,1,2,"no","no","no",29,8,2,5,0,0,0,0,0,0.375,2.5,9,6,2,0,9,0.888888888888889,4.5,6
"loss","home",8,12,-4,0,5,3,"no","no","no",39,13,1,5,4,0,0,4,4,0.615384615384615,10.5,9,16,2,1,9,2,4.5,-6
"win","away",12,8,4,4,6,2,"yes","yes","yes",41,16,2,9,3,0,1,4,6,0.75,13.5,9,13,1,0,5,1.55555555555556,5,-4
"win","away",13,2,11,10,2,1,"yes","yes","yes",48,20,5,9,4,0,1,5,7,0.65,18.5,9,9,4,0,9,1.44444444444444,2.25,3
"loss","home",2,13,-11,1,0,1,"no","no","no",36,9,4,9,3,0,0,3,3,0.222222222222222,4.5,9,20,5,1,9,2.77777777777778,1.8,-10
"win","away",7,1,6,1,3,3,"yes","yes","yes",37,9,6,8,1,0,1,2,4,0.777777777777778,11,9,4,2,0,4,0.666666666666667,2,1
"loss","home",1,7,-6,0,0,1,"no","no","no",31,4,2,4,2,0,0,2,2,0.25,3,9,9,6,1,8,1.66666666666667,1.33333333333333,-6
"win","home",3,1,2,0,3,0,"yes","no","yes",29,6,5,5,0,0,0,0,0,0.5,5.5,9,11,3,0,10,1.55555555555556,3.33333333333333,6
"loss","away",1,3,-2,0,1,0,"no","no","no",38,11,3,10,0,0,0,0,0,0.0909090909090909,-1,8,6,5,0,5,1.375,1,-3
"loss","away",1,3,-2,0,1,0,"no","no","no",31,6,0,6,1,0,0,1,1,0.166666666666667,-1,8,11,0,0,6,1.375,6,3
"win","home",3,1,2,1,2,0,"yes","yes","yes",35,11,0,6,0,0,0,0,0,0.272727272727273,0,9,6,0,0,6,0.666666666666667,6,5
"win","away",7,2,5,3,1,3,"no","yes","yes",43,18,5,8,6,0,0,6,6,0.388888888888889,14,9,8,0,0,1,0.888888888888889,1,-1
"loss","home",2,7,-5,2,0,0,"no","no","no",35,8,0,1,1,1,0,2,3,0.25,3.5,9,18,5,0,8,2.55555555555556,1.6,-4
"loss","home",0,12,-12,0,0,0,"no","no","no",31,3,2,8,0,0,0,0,0,0,-2,9,15,5,0,10,2.22222222222222,2,-7
"win","away",12,0,12,7,1,4,"yes","yes","yes",45,15,5,10,4,0,0,4,4,0.8,16,9,3,2,0,8,0.555555555555556,4,6
"win","home",4,3,1,3,0,1,"yes","yes","yes",29,8,5,4,1,1,1,3,6,0.5,10,9,9,5,0,6,1.55555555555556,1.2,-2
"loss","away",3,4,-1,0,2,1,"no","no","no",31,9,5,6,1,0,0,1,1,0.333333333333333,6,8,8,5,1,4,1.625,0.8,-6
"win","away",3,2,1,2,1,0,"yes","yes","yes",35,10,0,4,1,0,2,3,7,0.3,4,9,7,5,0,6,1.33333333333333,1.2,-1
"loss","home",2,3,-1,0,1,1,"no","no","no",32,7,5,6,0,0,0,0,0,0.285714285714286,4,9,10,0,2,4,1.11111111111111,4,-1
"win","home",3,2,1,0,1,2,"yes","no","no",32,7,1,11,0,1,0,1,2,0.428571428571429,-0.5,9,5,3,0,7,0.888888888888889,2.33333333333333,2
"loss","away",2,3,-1,0,1,1,"no","no","no",31,5,3,7,2,0,0,2,2,0.4,3.5,8,7,1,0,11,1,11,7
"win","away",5,3,2,1,0,4,"no","no","no",33,7,6,5,0,0,0,0,0,0.714285714285714,8.5,9,8,1,1,7,1,7,2
"loss","home",3,5,-2,3,0,0,"no","yes","yes",34,8,1,7,0,1,1,2,5,0.375,2.5,9,7,6,0,5,1.44444444444444,0.833333333333333,-6
"loss","away",3,5,-2,0,3,0,"no","no","no",33,7,6,9,0,1,1,2,5,0.428571428571429,6.5,8,8,3,1,8,1.375,2.66666666666667,-1
"win","home",5,3,2,2,1,2,"yes","yes","no",30,8,3,8,0,1,1,2,5,0.625,6,9,7,6,1,9,1.44444444444444,1.5,-1
"win","home",5,2,3,1,1,3,"yes","yes","yes",28,6,4,4,1,0,2,3,7,0.833333333333333,10,9,7,3,1,10,1.11111111111111,3.33333333333333,4
"loss","away",2,5,-3,0,1,1,"no","no","no",34,7,3,10,2,0,1,3,5,0.285714285714286,3,8,6,4,2,4,1.25,1,-7
"loss","home",2,3,-1,1,1,0,"no","no","yes",29,5,6,6,1,0,0,1,1,0.4,6,9,7,2,0,5,1,2.5,0
"win","away",3,2,1,1,0,2,"yes","no","no",33,7,2,5,1,1,0,2,3,0.428571428571429,4.5,9,5,6,0,6,1.22222222222222,1,-2
"loss","away",5,6,-1,4,0,0,"yes","yes","yes",34,9,2,8,1,0,1,2,4,0.555555555555556,5,9,10,4,2,8,1.55555555555556,2,-4
"win","home",6,5,1,1,1,2,"no","no","no",37,10,4,8,1,0,2,3,7,0.6,9,10,9,2,1,8,1.1,4,0
"win","home",9,3,6,3,4,2,"no","yes","yes",35,12,5,3,4,0,3,7,13,0.75,19.5,9,8,4,0,7,1.33333333333333,1.75,0
"loss","away",3,9,-6,1,1,1,"no","no","no",34,8,4,7,1,2,0,3,5,0.375,6.5,8,12,5,3,3,2.125,0.6,-14
"win","home",5,2,3,0,5,0,"yes","no","yes",30,8,7,6,1,0,1,2,4,0.625,11,9,5,1,0,7,0.666666666666667,7,4
"loss","away",2,5,-3,0,0,2,"no","no","no",31,5,1,7,0,0,0,0,0,0.4,-0.5,8,8,7,1,6,1.875,0.857142857142857,-7
"loss","home",3,4,-1,0,3,0,"no","no","no",34,9,3,6,3,0,1,4,6,0.333333333333333,7,9,4,5,1,14,1,2.8,4
"win","away",4,3,1,1,3,0,"yes","yes","yes",30,4,5,14,1,0,1,2,4,1,4,9,9,3,1,6,1.33333333333333,2,-1
"win","away",9,6,3,1,3,5,"yes","yes","no",40,11,7,6,0,0,1,1,3,0.818181818181818,14,9,11,1,0,8,1.33333333333333,8,1
"loss","home",6,9,-3,0,6,0,"no","no","yes",34,11,1,8,3,0,0,3,3,0.545454545454545,6,9,11,7,1,6,2,0.857142857142857,-11
"loss","home",2,5,-3,0,0,2,"no","no","no",31,5,1,2,4,1,0,5,6,0.4,7,9,8,3,2,10,1.22222222222222,3.33333333333333,0
"win","away",5,2,3,3,0,2,"yes","yes","yes",34,8,3,10,1,1,2,4,9,0.625,7,9,5,1,0,2,0.666666666666667,2,-1
"win","home",6,2,4,0,1,5,"no","no","no",36,14,2,12,4,0,0,4,4,0.428571428571429,6,9,6,2,1,8,0.888888888888889,4,3
"loss","away",2,6,-4,2,0,0,"yes","yes","yes",32,6,2,8,1,0,1,2,4,0.333333333333333,2,8,14,2,0,12,2,6,4
"win","away",8,3,5,3,1,4,"yes","yes","yes",33,12,3,7,2,0,4,6,14,0.666666666666667,13.5,9,10,4,0,5,1.55555555555556,1.25,-2
"loss","home",3,8,-5,2,1,0,"no","no","no",35,10,4,5,2,0,0,2,2,0.3,6.5,9,12,3,4,7,1.66666666666667,2.33333333333333,-8
"win","home",8,0,8,7,0,1,"yes","yes","yes",36,12,3,3,2,0,0,2,2,0.666666666666667,11.5,9,2,4,0,4,0.666666666666667,1,0
"loss","away",0,8,-8,0,0,0,"no","no","no",26,2,4,4,0,0,0,0,0,0,2,8,12,3,0,3,1.875,1,-8
"loss","home",2,11,-9,0,2,0,"no","no","no",33,8,3,8,1,1,0,2,3,0.25,3,9,9,6,1,2,1.66666666666667,0.333333333333333,-16
"win","away",11,2,9,5,6,0,"yes","yes","yes",33,9,6,2,1,1,1,3,6,1.22222222222222,19,9,8,3,0,8,1.22222222222222,2.66666666666667,3
"win","away",8,6,2,3,4,1,"yes","yes","yes",30,10,8,2,1,0,1,2,4,0.8,17,9,14,6,0,6,2.22222222222222,1,-6
"loss","home",6,8,-2,2,0,4,"no","no","no",39,14,6,6,5,0,0,5,5,0.428571428571429,14,9,10,8,1,2,2,0.25,-15
"win","away",9,2,7,2,1,6,"yes","yes","yes",37,12,4,4,3,0,1,4,6,0.75,15,9,8,3,0,3,1.22222222222222,1,-2
"loss","home",2,9,-7,0,0,2,"no","no","no",31,8,3,3,2,0,0,2,2,0.25,5.5,9,12,4,1,4,1.77777777777778,1,-10
"win","home",5,2,3,4,0,1,"yes","yes","yes",36,12,1,6,3,0,2,5,9,0.416666666666667,8,9,6,2,0,4,0.888888888888889,2,0
"loss","away",2,5,-3,0,2,0,"no","no","no",31,6,2,4,2,0,0,2,2,0.333333333333333,4,8,12,1,2,6,1.625,6,-2
"win","home",9,2,7,1,3,5,"yes","yes","yes",31,11,4,2,2,0,1,3,5,0.818181818181818,15,9,8,7,0,6,1.66666666666667,0.857142857142857,-3
"loss","away",2,9,-7,0,2,0,"no","no","no",33,8,7,6,0,0,0,0,0,0.25,6,8,11,4,1,2,1.875,0.5,-12
"loss","away",8,11,-3,8,0,0,"yes","yes","yes",34,11,6,8,2,0,1,3,5,0.727272727272727,13,8,12,2,1,9,1.75,4.5,-5
"win","home",11,8,3,3,4,4,"no","no","no",36,12,2,9,3,1,1,5,8,0.916666666666667,13.5,9,11,6,1,8,1.88888888888889,1.33333333333333,-7
"win","away",3,0,3,0,3,0,"yes","no","yes",31,6,4,10,1,0,1,2,4,0.5,4,9,2,2,0,8,0.444444444444444,4,6
"loss","home",0,3,-3,0,0,0,"no","no","no",29,2,2,8,0,0,0,0,0,0,-2,9,6,4,1,10,1.11111111111111,2.5,2
"win","away",12,0,12,7,4,1,"yes","yes","yes",45,15,3,5,3,1,1,5,8,0.8,17.5,9,6,2,0,6,0.888888888888889,3,4
"loss","home",0,12,-12,0,0,0,"no","no","no",32,6,2,6,0,0,0,0,0,0,-1,9,15,3,1,5,2,1.66666666666667,-11
"win","away",11,4,7,1,4,6,"yes","no","yes",39,14,9,9,3,1,2,6,11,0.785714285714286,21.5,9,8,1,1,9,1,9,3
"loss","home",4,11,-7,1,3,0,"no","no","no",32,8,1,9,1,0,1,2,4,0.5,2.5,9,14,9,2,9,2.55555555555556,1,-13
"loss","away",1,4,-3,1,0,0,"yes","yes","no",33,9,1,9,0,0,0,0,0,0.111111111111111,-2.5,8,9,5,0,5,1.75,1,-4
"win","home",4,1,3,0,1,3,"no","no","no",30,9,5,5,1,0,0,1,1,0.444444444444444,7.5,9,9,1,0,9,1.11111111111111,9,7
"loss","away",6,7,-1,0,0,6,"no","no","no",33,11,3,6,2,0,0,2,2,0.545454545454545,8,8,9,2,3,5,1.375,2.5,-7
"win","home",7,6,1,0,2,5,"yes","no","yes",30,9,2,5,0,0,3,3,9,0.777777777777778,9.5,9,11,3,0,6,1.55555555555556,2,-3
"win","away",2,1,1,2,0,0,"yes","yes","yes",36,9,3,6,2,0,0,2,2,0.222222222222222,4,9,5,1,0,5,0.666666666666667,5,3
"loss","home",1,2,-1,0,1,0,"no","no","no",30,5,1,5,2,0,0,2,2,0.2,1.5,9,9,3,0,6,1.33333333333333,2,1
"loss","away",1,2,-1,0,0,1,"no","no","no",30,3,4,13,1,0,0,1,1,0.333333333333333,-0.5,8,5,6,0,6,1.375,1,-2
"win","home",2,1,1,0,1,1,"yes","no","yes",27,5,6,6,2,0,0,2,2,0.4,7,9,3,4,0,13,0.777777777777778,3.25,8
"loss","away",2,7,-5,0,1,1,"no","no","no",33,11,0,4,3,0,0,3,3,0.181818181818182,3,8,11,2,1,5,1.625,2.5,-5
"win","home",7,2,5,0,5,2,"yes","no","yes",35,11,2,5,1,1,1,3,6,0.636363636363636,9.5,9,11,0,0,4,1.22222222222222,4,2
"win","away",10,2,8,5,0,5,"no","yes","yes",36,14,4,6,4,0,0,4,4,0.714285714285714,15,9,6,2,0,4,0.888888888888889,2,0
"loss","home",2,10,-8,2,0,0,"no","no","no",32,6,2,4,0,0,0,0,0,0.333333333333333,2,9,14,4,0,6,2,1.5,-8
"loss","away",1,4,-3,0,0,1,"no","no","no",30,3,0,9,1,0,0,1,1,0.333333333333333,-2.5,8,5,3,0,8,1,2.66666666666667,1
"win","home",4,1,3,2,1,1,"yes","yes","yes",27,5,3,8,1,1,0,2,3,0.8,5,9,3,0,0,9,0.333333333333333,9,8
"win","home",6,5,1,0,6,0,"no","no","yes",29,4,6,8,1,0,0,1,1,1.5,9,9,8,4,1,6,1.33333333333333,1.5,-4
"loss","away",5,6,-1,2,3,0,"yes","yes","no",33,8,4,6,3,0,1,4,6,0.625,10,8,4,6,0,8,1.25,1.33333333333333,-4
"loss","away",2,4,-2,2,0,0,"yes","no","no",32,7,1,6,1,0,0,1,1,0.285714285714286,1,8,7,2,0,2,1.125,1,-4
"win","home",4,2,2,2,0,2,"no","no","no",27,7,2,2,2,0,0,2,2,0.571428571428571,7,9,7,1,0,6,0.888888888888889,6,3
"win","away",11,5,6,0,9,2,"no","no","yes",39,14,6,6,0,0,2,2,6,0.785714285714286,16,9,13,1,2,7,1.55555555555556,7,-1
"loss","home",5,11,-6,3,0,2,"yes","yes","no",36,13,1,7,1,0,2,3,7,0.384615384615385,5.5,9,14,6,2,6,2.22222222222222,1,-13
"win","away",6,1,5,3,0,3,"yes","yes","yes",35,10,4,6,2,1,0,3,4,0.6,10,9,6,1,1,7,0.777777777777778,7,4
"loss","home",1,6,-5,1,0,0,"no","no","no",30,6,1,7,0,0,1,1,3,0.166666666666667,-0.5,9,10,4,0,6,1.55555555555556,1.5,-4
"win","away",7,6,1,1,3,3,"no","no","no",32,9,1,4,1,0,1,2,4,0.777777777777778,8,9,11,4,0,4,1.66666666666667,1,-6
"loss","home",6,7,-1,3,1,2,"yes","yes","no",35,11,4,4,3,1,0,4,5,0.545454545454545,12,9,9,1,1,4,1.11111111111111,4,-5
"win","away",3,2,1,0,1,2,"no","no","no",31,5,1,11,2,0,2,4,8,0.6,2.5,9,5,2,0,5,0.777777777777778,2.5,1
"loss","home",2,3,-1,1,0,1,"yes","yes","no",29,5,2,5,0,0,0,0,0,0.4,1.5,9,5,1,2,11,0.666666666666667,11,5
"loss","away",4,11,-7,0,0,4,"no","no","no",35,11,4,3,1,0,0,1,1,0.363636363636364,7.5,8,17,2,3,3,2.375,1.5,-13
"win","home",11,4,7,2,4,5,"yes","yes","yes",39,17,2,3,0,0,3,3,9,0.647058823529412,14.5,9,11,4,0,3,1.66666666666667,0.75,-5
"loss","away",3,10,-7,0,1,2,"no","no","no",35,11,1,4,2,0,0,2,2,0.272727272727273,4,8,19,1,1,6,2.5,6,-6
"win","home",10,3,7,5,2,3,"yes","yes","yes",41,19,1,6,4,0,1,5,7,0.526315789473684,13,9,11,1,0,4,1.33333333333333,4,0
"win","away",2,1,1,2,0,0,"no","yes","yes",29,4,1,9,0,0,1,1,3,0.5,-0.5,9,3,1,0,10,0.444444444444444,10,8
"loss","home",1,2,-1,1,0,0,"no","no","no",30,3,1,10,0,0,0,0,0,0.333333333333333,-3,9,4,1,1,9,0.555555555555556,9,5
"loss","away",0,3,-3,0,0,0,"no","no","no",33,7,1,5,0,0,0,0,0,0,-1.5,8,9,3,0,2,1.5,0.666666666666667,-4
"win","home",3,0,3,1,0,2,"yes","yes","yes",31,9,3,2,1,0,0,1,1,0.333333333333333,6,9,7,1,0,5,0.888888888888889,5,4
"win","away",6,5,1,1,4,1,"no","no","yes",37,12,1,5,3,0,1,4,6,0.5,8.5,9,13,4,1,8,1.88888888888889,2,-2
"loss","home",5,6,-1,2,2,1,"no","yes","no",36,13,4,8,1,1,1,3,6,0.384615384615385,8,9,12,1,1,5,1.44444444444444,5,-3
"win","home",3,2,1,0,0,3,"no","no","no",32,8,1,10,1,0,1,2,4,0.375,1,9,9,0,0,5,1,5,3
"loss","away",2,3,-1,0,2,0,"yes","no","yes",32,9,0,5,0,0,0,0,0,0.222222222222222,-0.5,8,8,1,1,10,1.125,10,5
"loss","home",2,5,-3,1,0,1,"no","no","no",32,5,5,6,0,0,1,1,3,0.4,5,9,13,6,0,7,2.11111111111111,1.16666666666667,-4
"win","away",5,2,3,1,1,3,"yes","no","yes",37,13,6,7,1,0,0,1,1,0.384615384615385,8.5,9,5,5,1,6,1.11111111111111,1.2,-2
"loss","home",2,6,-4,0,0,2,"no","no","no",36,11,3,4,3,0,0,3,3,0.181818181818182,6,9,11,1,0,6,1.33333333333333,6,-1
"win","away",6,2,4,0,3,3,"yes","no","yes",36,11,1,6,2,1,0,3,4,0.545454545454545,7,9,11,3,0,4,1.55555555555556,1.33333333333333,-1
"loss","home",4,5,-1,1,2,1,"yes","no","no",38,10,4,6,0,0,0,0,0,0.4,5,9,14,4,0,5,2,1.25,-4
"win","away",5,4,1,2,3,0,"no","yes","yes",37,14,4,5,3,1,0,4,5,0.357142857142857,10.5,9,10,4,0,6,1.55555555555556,1.5,-2
"win","home",11,1,10,0,5,6,"no","no","yes",36,12,3,3,5,0,1,6,8,0.916666666666667,18.5,9,3,1,0,4,0.444444444444444,4,2
"loss","away",1,11,-10,0,1,0,"no","no","no",28,3,1,4,0,0,0,0,0,0.333333333333333,0,8,12,3,1,3,1.875,1,-12
"loss","home",0,9,-9,0,0,0,"no","no","no",32,7,1,5,0,0,0,0,0,0,-1.5,9,17,3,0,1,2.22222222222222,0.333333333333333,-11
"win","away",9,0,9,5,0,4,"yes","yes","yes",41,17,3,1,4,0,0,4,4,0.529411764705882,15.5,9,7,1,0,5,0.888888888888889,5,4
"win","home",6,5,1,3,1,1,"yes","yes","yes",37,11,6,8,3,0,1,4,6,0.545454545454545,12,10,12,3,0,5,1.5,1.66666666666667,-3
"loss","away",5,6,-1,2,1,2,"no","no","no",39,12,3,5,5,0,0,5,5,0.416666666666667,10.5,9.66666666666667,11,6,1,8,1.75862068965517,1.33333333333333,-5
"loss","home",4,7,-3,1,3,0,"no","no","no",34,11,4,10,0,1,0,1,2,0.363636363636364,4,9,15,1,0,8,1.77777777777778,8,0
"win","away",7,4,3,1,6,0,"yes","no","yes",40,15,1,8,0,0,0,0,0,0.466666666666667,4,9,11,4,0,10,1.66666666666667,2.5,2
"loss","home",1,13,-12,0,0,1,"no","no","no",32,5,2,7,1,0,1,2,4,0.2,1.5,9,15,8,1,6,2.55555555555556,0.75,-16
"win","away",13,1,12,3,7,3,"yes","yes","yes",41,15,8,6,2,1,1,4,7,0.866666666666667,22,9,5,2,1,7,0.777777777777778,3.5,3
"loss","home",2,7,-5,1,0,1,"no","no","no",33,7,1,10,0,0,1,1,3,0.285714285714286,-1,9,16,3,0,8,2.11111111111111,2.66666666666667,-2
"win","away",7,2,5,3,0,4,"yes","yes","yes",38,16,3,8,2,1,0,3,4,0.4375,9,9,7,1,1,10,0.888888888888889,10,6
"win","home",11,0,11,1,5,5,"yes","yes","yes",39,19,2,1,5,0,1,6,8,0.578947368421053,18.5,9,9,0,0,6,1,6,6
"loss","away",0,11,-11,0,0,0,"no","no","no",33,9,0,6,2,0,0,2,2,0,-1,8,19,2,1,1,2.625,0.5,-13
"win","away",3,2,1,0,2,1,"no","no","yes",32,7,1,7,3,0,1,4,6,0.428571428571429,4.5,9,6,2,0,8,0.888888888888889,4,4
"loss","home",2,3,-1,1,0,1,"yes","yes","no",33,6,2,8,1,0,0,1,1,0.333333333333333,1,9,7,1,1,7,0.888888888888889,7,2
"loss","away",1,5,-4,1,0,0,"no","no","no",31,5,1,12,0,0,0,0,0,0.2,-4,8,12,3,2,6,1.875,2,-4
"win","home",5,1,4,2,1,2,"no","yes","yes",35,12,3,6,2,0,2,4,8,0.416666666666667,9,9,5,1,0,12,0.666666666666667,12,10
"loss","home",0,8,-8,0,0,0,"no","no","no",32,6,1,8,0,0,0,0,0,0,-3,9,16,4,1,4,2.22222222222222,1,-9
"win","away",8,0,8,4,2,2,"yes","yes","yes",39,16,4,4,5,0,1,6,8,0.5,16,9,6,1,0,8,0.777777777777778,8,7
"loss","home",0,5,-5,0,0,0,"no","no","no",31,5,7,4,2,0,0,2,2,0,7,9,12,2,0,8,1.55555555555556,4,1
"win","away",5,0,5,1,0,4,"yes","yes","yes",38,12,2,8,0,1,0,1,2,0.416666666666667,4,9,5,7,0,4,1.33333333333333,0.571428571428571,-3
"loss","home",0,1,-1,0,0,0,"no","no","no",32,6,1,14,1,0,0,1,1,0,-5,9,4,1,0,8,0.555555555555556,8,6
"win","away",1,0,1,0,1,0,"yes","no","yes",29,4,1,8,1,0,0,1,1,0.25,-1,9,6,1,0,14,0.777777777777778,14,13
"win","home",3,1,2,0,1,2,"yes","no","yes",30,8,3,7,1,0,0,1,1,0.375,3.5,9,11,1,0,8,1.33333333333333,8,6
"loss","away",1,3,-2,0,0,1,"no","no","no",37,11,1,8,2,0,0,2,2,0.0909090909090909,0,8,8,3,0,7,1.375,2.33333333333333,1
"win","home",5,4,1,3,1,1,"yes","yes","yes",35,11,3,7,4,0,1,5,7,0.454545454545455,9.5,9,4,4,0,2,0.888888888888889,0.5,-6
"loss","away",4,5,-1,0,3,1,"no","no","no",31,4,4,2,1,0,0,1,1,1,8,8,11,3,1,7,1.75,2.33333333333333,-2
"loss","away",3,9,-6,0,2,1,"no","no","no",32,6,7,8,0,0,1,1,3,0.5,7,8,14,3,1,6,2.125,2,-7
"win","home",9,3,6,3,6,0,"yes","yes","yes",34,14,3,6,1,2,1,4,8,0.642857142857143,13,9,6,7,1,8,1.44444444444444,1.14285714285714,-3
"loss","away",3,5,-2,0,3,0,"no","no","yes",36,9,1,6,0,0,0,0,0,0.333333333333333,1,8,12,6,0,3,2.25,0.5,-8
"win","home",5,3,2,0,1,4,"yes","no","no",34,12,6,3,0,1,0,1,2,0.416666666666667,10.5,9,9,1,0,6,1.11111111111111,6,2
"win","away",9,4,5,5,1,3,"yes","yes","yes",38,15,6,7,2,0,0,2,2,0.6,13.5,9,12,3,0,5,1.66666666666667,1.66666666666667,-2
"loss","home",4,9,-5,4,0,0,"no","no","no",38,12,3,5,1,0,0,1,1,0.333333333333333,5.5,9,15,6,0,7,2.33333333333333,1.16666666666667,-8
"win","away",11,10,1,4,5,2,"no","yes","yes",46,20,4,10,4,0,2,6,10,0.55,16,9,15,4,0,7,2.11111111111111,1.75,-7
"loss","home",10,11,-1,1,4,5,"yes","no","no",40,15,4,7,2,1,0,3,4,0.666666666666667,13.5,9,20,4,2,10,2.66666666666667,2.5,-7
"loss","away",6,13,-7,3,2,1,"no","no","no",36,12,3,6,4,0,0,4,4,0.5,10,8,20,3,1,4,2.875,1.33333333333333,-13
"win","home",13,6,7,3,6,4,"yes","no","yes",41,20,3,4,2,1,1,4,7,0.65,18,9,12,3,0,6,1.66666666666667,2,-3
"win","home",6,5,1,2,1,3,"yes","yes","yes",33,10,7,6,6,0,0,6,6,0.6,16,9,9,0,0,7,1,7,2
"loss","away",5,6,-1,0,1,4,"no","no","no",36,9,0,7,4,0,0,4,4,0.555555555555556,5.5,8.33333333333333,10,7,0,6,2.04,0.857142857142857,-7
"win","away",4,1,3,3,1,0,"yes","yes","yes",35,10,2,3,3,0,0,3,3,0.4,7.5,9,9,0,0,6,1,6,5
"loss","home",1,4,-3,0,1,0,"no","no","no",35,9,0,6,2,0,0,2,2,0.111111111111111,0,9,10,2,0,3,1.33333333333333,1.5,-3
"win","home",6,5,1,1,0,5,"yes","yes","no",36,10,1,9,2,1,1,4,7,0.6,6.5,9,13,3,0,5,1.77777777777778,1.66666666666667,-3
"loss","away",5,6,-1,0,3,2,"no","no","yes",37,13,3,5,0,0,0,0,0,0.384615384615385,5.5,8.66666666666667,10,1,1,9,1.26923076923077,9,1
"loss","home",0,4,-4,0,0,0,"no","no","no",30,6,5,2,0,0,0,0,0,0,4,9,8,1,1,6,1,6,0
"win","away",4,0,4,0,4,0,"yes","no","yes",34,8,1,6,2,0,1,3,5,0.5,5,9,6,5,0,2,1.22222222222222,0.4,-3
"win","home",6,0,6,6,0,0,"yes","yes","yes",36,15,4,5,0,0,0,0,0,0.4,7.5,9,4,1,0,6,0.555555555555556,6,5
"loss","away",0,6,-6,0,0,0,"no","no","no",30,4,1,6,0,0,0,0,0,0,-2,8,15,4,0,5,2.375,1.25,-5
"win","home",1,0,1,0,1,0,"yes","no","yes",28,5,4,8,1,0,0,1,1,0.2,2,9,3,1,0,6,0.444444444444444,6,5
"loss","away",0,1,-1,0,0,0,"no","no","no",30,3,1,6,1,0,0,1,1,0,-1,8,5,4,0,8,1.125,2,3
"win","home",8,4,4,6,2,0,"no","yes","yes",31,11,7,6,3,1,0,4,5,0.727272727272727,16,9,9,1,0,6,1.11111111111111,6,1
"loss","away",4,8,-4,3,0,1,"yes","no","no",34,9,1,6,2,0,0,2,2,0.444444444444444,4,8,11,7,0,6,2.25,0.857142857142857,-9
"win","home",4,3,1,0,0,4,"no","no","no",29,9,5,2,1,0,0,1,1,0.444444444444444,9,9,5,0,1,10,0.555555555555556,10,6
"loss","away",3,4,-1,3,0,0,"yes","yes","yes",32,5,0,10,1,0,1,2,4,0.6,0,8.33333333333333,9,5,0,2,1.68,0.4,-7
"win","away",5,4,1,1,0,2,"no","no","no",39,7,5,14,1,1,0,2,3,0.714285714285714,5,11,11,6,0,8,1.54545454545455,1.33333333333333,-2
"loss","home",4,5,-1,2,1,0,"no","yes","yes",39,11,6,8,1,0,0,1,1,0.363636363636364,7,11,7,5,0,14,1.09090909090909,2.8,4
"loss","away",0,4,-4,0,0,0,"no","no","no",31,6,0,8,0,0,0,0,0,0,-4,8,8,3,2,3,1.375,1,-6
"win","home",4,0,4,2,1,1,"yes","yes","yes",30,8,3,3,1,0,2,3,7,0.5,8.5,9,6,0,0,8,0.666666666666667,8,8
"loss","away",1,2,-1,1,0,0,"no","no","no",35,10,4,3,2,0,0,2,2,0.1,5.5,8,8,3,0,4,1.375,1.33333333333333,-1
"win","home",2,1,1,1,1,0,"no","no","yes",27,8,3,4,0,0,0,0,0,0.25,3,9,10,4,0,3,1.55555555555556,0.75,-2
"win","away",14,7,7,4,9,1,"yes","yes","yes",40,14,4,7,3,1,1,5,8,1,19.5,9,10,4,2,6,1.55555555555556,1.5,-7
"loss","home",7,14,-7,1,2,4,"no","no","no",33,10,4,6,0,0,2,2,6,0.7,10,9,14,4,1,7,2,1.75,-12
"win","away",3,1,2,1,1,1,"no","no","yes",31,8,4,8,0,0,0,0,0,0.375,3,9,6,2,0,6,0.888888888888889,3,3
"loss","home",1,3,-2,1,0,0,"yes","no","no",32,6,2,6,1,1,0,2,3,0.166666666666667,2,9,8,4,0,8,1.33333333333333,2,1
"loss","away",0,2,-2,0,0,0,"no","no","no",33,7,1,6,2,0,0,2,2,0,0,8,5,2,1,5,0.875,2.5,0
"win","home",2,0,2,0,2,0,"yes","no","yes",28,5,2,5,1,0,1,2,4,0.4,3.5,9,7,1,0,6,0.888888888888889,6,5
"loss","away",3,4,-1,0,0,3,"no","no","no",36,10,2,11,5,0,0,5,5,0.3,4.5,8,9,2,0,1,1.375,0.5,-5
"win","home",4,3,1,1,1,2,"yes","yes","yes",31,9,2,1,1,0,0,1,1,0.444444444444444,6.5,9,10,2,0,11,1.33333333333333,5.5,6
"loss","away",4,5,-1,1,1,2,"yes","yes","no",38,11,2,6,3,0,0,3,3,0.363636363636364,6,8.33333333333333,8,3,2,3,1.32,1,-7
"win","home",5,4,1,0,2,3,"no","no","no",30,8,3,3,1,1,2,4,9,0.625,10.5,9,11,2,0,6,1.44444444444444,3,0
"loss","away",1,8,-7,0,1,0,"no","no","no",32,9,2,7,2,0,0,2,2,0.111111111111111,1.5,8,11,6,1,2,2.125,0.333333333333333,-13
"win","home",8,1,7,1,2,5,"yes","yes","yes",34,11,6,2,2,0,1,3,5,0.727272727272727,16,9,9,2,0,7,1.22222222222222,3.5,4
"loss","away",0,8,-8,0,0,0,"no","no","no",28,2,0,8,0,0,0,0,0,0,-4,8,12,2,1,5,1.75,2.5,-6
"win","home",8,0,8,0,6,2,"yes","no","yes",37,12,2,5,1,0,1,2,4,0.666666666666667,9.5,9,2,0,0,8,0.222222222222222,8,8
"win","home",2,1,1,1,0,0,"yes","yes","no",31,6,1,9,0,0,0,0,0,0.333333333333333,-1.5,10,8,5,0,9,1.3,1.8,3
"loss","away",1,2,-1,0,1,0,"no","no","no",33,8,5,9,1,0,0,1,1,0.125,2.5,9,6,1,0,9,0.777777777777778,9,6
"loss","home",4,5,-1,2,2,0,"yes","yes","no",34,8,5,2,1,0,1,2,4,0.5,10,9,10,4,0,4,1.55555555555556,1,-5
"win","away",5,4,1,0,4,1,"no","no","no",35,10,4,4,4,0,0,4,4,0.5,11,9,8,5,1,2,1.44444444444444,0.4,-8
"loss","home",8,9,-1,0,7,1,"no","no","no",36,11,1,8,1,0,2,3,7,0.727272727272727,8,9,14,4,1,8,2,2,-6
"win","away",9,8,1,4,4,1,"yes","yes","yes",37,14,4,8,3,1,1,5,8,0.642857142857143,14,9,11,1,2,8,1.33333333333333,8,-3
"loss","home",5,8,-3,0,0,5,"no","no","no",39,13,2,11,4,0,1,5,7,0.384615384615385,6.5,9,11,7,0,7,2,1,-8
"win","away",8,5,3,0,1,7,"yes","no","yes",38,11,7,7,5,0,0,5,5,0.727272727272727,16.5,9,13,2,1,11,1.66666666666667,5.5,3
"loss","home",2,3,-1,1,1,0,"yes","no","yes",34,10,1,8,2,0,0,2,2,0.2,1,9,7,0,0,9,0.777777777777778,9,6
"win","away",3,2,1,1,0,2,"no","no","no",31,7,0,9,1,0,0,1,1,0.428571428571429,-0.5,9,10,1,0,8,1.22222222222222,8,5
"loss","home",2,6,-4,0,1,1,"no","no","no",33,7,1,4,1,0,1,2,4,0.285714285714286,3,9,15,3,1,1,2,0.333333333333333,-9
"win","away",6,2,4,1,0,5,"yes","yes","no",40,15,3,1,1,0,1,2,4,0.4,10.5,9,7,1,1,4,0.888888888888889,4,0
"loss","home",2,3,-1,2,0,0,"no","no","no",28,3,5,8,1,0,0,1,1,0.666666666666667,4,9,7,1,2,7,0.888888888888889,7,1
"win","away",3,2,1,2,1,0,"yes","no","yes",32,7,1,7,1,0,2,3,7,0.428571428571429,3.5,9,3,5,0,8,0.888888888888889,1.6,1
"loss","home",0,5,-5,0,0,0,"no","no","no",33,6,2,10,1,0,0,1,1,0,-2,9,13,2,1,7,1.66666666666667,3.5,-1
"win","away",5,0,5,1,0,4,"yes","yes","yes",39,13,2,7,1,0,1,2,4,0.384615384615385,5.5,9,6,2,0,10,0.888888888888889,5,8
"win","home",7,3,4,4,2,1,"no","yes","yes",29,8,4,5,1,0,3,4,10,0.875,12.5,9,9,3,1,11,1.33333333333333,3.66666666666667,4
"loss","away",3,7,-4,1,2,0,"yes","no","no",35,9,3,11,1,0,1,2,4,0.333333333333333,2.5,8,8,4,3,5,1.5,1.25,-9
"win","home",6,5,1,1,3,2,"yes","yes","yes",32,10,3,8,1,0,1,2,4,0.6,7,9,9,6,0,2,1.66666666666667,0.333333333333333,-9
"loss","away",5,6,-1,0,3,2,"no","no","no",35,9,6,2,1,0,0,1,1,0.555555555555556,11,8,10,3,1,8,1.625,2.66666666666667,-2
"win","home",11,3,8,6,3,2,"yes","yes","yes",36,13,3,5,3,0,2,5,9,0.846153846153846,16.5,9,3,2,1,8,0.555555555555556,4,2
"loss","away",3,11,-8,1,2,0,"no","no","no",29,3,2,8,0,0,1,1,3,1,2,8,13,3,2,5,2,1.66666666666667,-11
"loss","home",0,2,-2,0,0,0,"no","no","no",31,5,1,9,1,0,0,1,1,0,-2.5,9,7,1,1,4,0.888888888888889,4,0
"win","away",2,0,2,2,0,0,"yes","yes","yes",30,7,1,4,2,0,1,3,5,0.285714285714286,4,9,5,1,0,9,0.666666666666667,9,8
"win","home",5,0,5,2,3,0,"yes","yes","yes",33,9,7,5,3,0,0,3,3,0.555555555555556,12.5,9,4,1,0,7,0.555555555555556,7,6
"loss","away",0,5,-5,0,0,0,"no","no","no",29,4,1,7,0,0,0,0,0,0,-2.5,8,9,7,0,5,2,0.714285714285714,-7
"win","home",4,1,3,0,0,4,"no","no","no",32,9,2,4,2,0,1,3,5,0.444444444444444,7,9,7,4,0,4,1.22222222222222,1,-1
"loss","away",1,4,-3,1,0,0,"yes","yes","yes",30,7,4,4,3,0,0,3,3,0.142857142857143,6,8,9,2,1,4,1.375,2,-3
"win","home",5,3,2,0,5,0,"no","no","yes",30,6,2,4,3,0,1,4,6,0.833333333333333,9,9,6,1,1,6,0.777777777777778,6,1
"loss","away",3,5,-2,3,0,0,"yes","yes","no",32,6,1,6,1,0,1,2,4,0.5,3,8,6,2,1,4,1,2,-4
"win","home",8,1,7,1,5,2,"no","no","yes",33,12,9,8,3,0,0,3,3,0.666666666666667,16,9,3,3,0,9,0.666666666666667,3,5
"loss","away",1,8,-7,1,0,0,"yes","no","no",28,3,3,9,0,1,0,1,2,0.333333333333333,0.5,8,12,9,0,8,2.625,0.888888888888889,-9
"win","home",6,5,1,3,0,3,"yes","yes","yes",31,8,1,8,1,1,1,3,6,0.75,6,9,11,2,1,7,1.44444444444444,3.5,-1
"loss","away",5,6,-1,0,2,3,"no","no","no",34,11,2,7,2,0,1,3,5,0.454545454545455,6.5,8,8,1,1,8,1.125,8,0
"loss","away",2,5,-3,0,2,0,"no","no","no",32,5,3,4,0,0,0,0,0,0.4,3,8,10,4,1,1,1.75,0.25,-9
"win","home",5,2,3,3,0,2,"yes","yes","yes",32,10,4,1,0,0,1,1,3,0.5,9.5,9,5,3,0,4,0.888888888888889,1.33333333333333,-1
"win","away",7,6,1,0,6,1,"no","no","yes",38,15,4,4,1,1,1,3,6,0.466666666666667,12,9,8,5,1,9,1.44444444444444,1.8,-3
"loss","home",6,7,-1,1,0,5,"yes","yes","no",35,8,5,9,3,0,1,4,6,0.75,10.5,9,15,4,1,4,2.11111111111111,1,-8
"win","away",2,0,2,0,0,2,"yes","no","no",36,10,1,5,0,0,0,0,0,0.2,0.5,9,6,3,0,3,1,1,0
"loss","home",0,2,-2,0,0,0,"no","no","no",31,6,3,3,0,0,0,0,0,0,1.5,9,10,1,0,5,1.22222222222222,5,2
"loss","away",5,9,-4,0,5,0,"no","no","no",34,7,2,8,1,0,1,2,4,0.714285714285714,5,8,14,1,0,2,1.875,2,-8
"win","home",9,5,4,4,2,3,"yes","yes","yes",35,14,1,2,6,0,0,6,6,0.642857142857143,15,9,7,2,1,8,1,4,0
"loss","away",1,5,-4,0,1,0,"no","no","no",30,5,0,15,1,0,0,1,1,0.2,-5.5,8,7,5,0,2,1.5,0.4,-8
"win","home",5,1,4,1,4,0,"yes","yes","yes",29,7,5,2,2,0,0,2,2,0.714285714285714,11,9,5,0,0,15,0.555555555555556,15,14
"win","away",9,5,4,6,3,0,"yes","yes","yes",38,12,4,4,3,0,1,4,6,0.75,15,9,12,3,2,6,1.66666666666667,2,-4
"loss","home",5,9,-4,1,2,2,"no","no","no",38,12,3,6,3,0,2,5,9,0.416666666666667,10,9,12,4,1,4,1.77777777777778,1,-10
"loss","away",1,3,-2,1,0,0,"no","no","no",30,6,2,11,1,0,0,1,1,0.166666666666667,-1.5,8,10,1,0,5,1.375,5,1
"win","home",3,1,2,1,0,2,"no","no","no",30,10,1,5,0,0,0,0,0,0.3,1.5,9,6,2,0,11,0.888888888888889,5.5,8
"win","away",2,1,1,0,1,1,"no","no","no",35,11,1,8,0,0,1,1,3,0.181818181818182,0,9,3,3,0,7,0.666666666666667,2.33333333333333,3
"loss","home",1,2,-1,1,0,0,"yes","yes","no",29,3,3,7,1,0,0,1,1,0.333333333333333,1.5,9,11,1,1,8,1.33333333333333,8,4
"loss","away",2,7,-5,0,0,2,"no","no","no",32,7,2,5,1,0,1,2,4,0.285714285714286,3.5,8,8,7,0,9,1.875,1.28571428571429,-5
"win","home",7,2,5,2,0,5,"yes","yes","yes",30,8,7,9,1,0,0,1,1,0.875,10.5,9,7,2,1,5,1,2.5,0
"loss","home",0,4,-4,0,0,0,"no","no","no",32,5,3,8,0,0,0,0,0,0,-1,9,9,2,0,6,1.22222222222222,3,0
"win","away",4,0,4,1,3,0,"yes","yes","yes",35,9,2,6,2,0,0,2,2,0.444444444444444,5,9,5,3,0,8,0.888888888888889,2.66666666666667,5
"loss","away",3,5,-2,1,0,2,"yes","yes","no",37,11,2,6,1,0,1,2,4,0.272727272727273,4,8,9,3,1,4,1.5,1.33333333333333,-5
"win","home",5,3,2,0,2,3,"no","no","yes",31,9,3,4,1,1,1,3,6,0.555555555555556,9,9,11,2,1,6,1.44444444444444,3,0
"loss","away",1,3,-2,0,0,1,"no","no","no",33,8,1,8,1,0,1,2,4,0.125,0,8,8,2,0,7,1.25,3.5,2
"win","home",3,1,2,0,1,2,"yes","no","yes",32,8,2,7,1,0,0,1,1,0.375,2.5,9,8,1,1,8,1,8,5
"win","away",8,6,2,5,2,1,"yes","yes","yes",35,13,7,8,5,0,0,5,5,0.615384615384615,16,9,7,3,0,4,1.11111111111111,1.33333333333333,-5
"loss","home",6,8,-2,0,2,4,"no","no","no",29,7,3,4,1,1,0,2,3,0.857142857142857,9,9,13,7,0,8,2.22222222222222,1.14285714285714,-7
"loss","away",1,2,-1,0,0,1,"no","no","no",30,4,2,5,0,0,0,0,0,0.25,0.5,8,5,1,2,5,0.75,5,0
"win","home",2,1,1,1,1,0,"yes","yes","yes",29,5,1,5,2,0,2,4,8,0.4,4.5,9,4,2,0,5,0.666666666666667,2.5,2
"loss","away",3,4,-1,0,3,0,"no","no","no",29,6,2,8,2,0,1,3,5,0.5,4,8.66666666666667,11,3,0,5,1.61538461538462,1.66666666666667,-2
"win","home",4,3,1,1,2,1,"yes","yes","no",37,11,3,5,2,0,0,2,2,0.363636363636364,6.5,9,6,2,1,8,0.888888888888889,4,2
"win","away",11,6,5,9,2,0,"yes","yes","yes",40,13,3,7,0,0,4,4,12,0.846153846153846,14.5,9,10,7,1,5,1.88888888888889,0.714285714285714,-9
"loss","home",6,11,-5,1,5,0,"no","no","no",36,10,7,5,0,0,1,1,3,0.6,11.5,9,13,3,4,7,1.77777777777778,2.33333333333333,-11
"loss","home",1,7,-6,0,1,0,"no","no","no",37,10,1,12,1,0,0,1,1,0.1,-3,9,9,3,1,7,1.33333333333333,2.33333333333333,-4
"win","away",7,1,6,4,2,1,"yes","yes","yes",37,9,3,7,0,0,1,1,3,0.777777777777778,7.5,9,10,1,0,12,1.22222222222222,12,10
"win","home",4,1,3,4,0,0,"yes","yes","yes",32,8,3,4,1,1,0,2,3,0.5,7,9,2,5,1,8,0.777777777777778,1.6,1
"loss","away",1,4,-3,0,0,1,"no","no","no",27,2,5,8,0,0,1,1,3,0.5,3,8,8,3,0,4,1.375,1.33333333333333,-3
"win","home",5,3,2,3,0,2,"yes","yes","yes",30,7,4,9,1,0,1,2,4,0.714285714285714,6.5,9,9,2,0,7,1.22222222222222,3.5,2
"loss","away",3,5,-2,0,0,3,"no","no","no",34,9,2,7,2,0,0,2,2,0.333333333333333,3.5,8,7,4,1,9,1.375,2.25,-1
"loss","home",1,3,-2,1,0,0,"no","no","no",30,4,4,6,3,0,0,3,3,0.25,5,9,8,4,0,3,1.33333333333333,0.75,-4
"win","away",3,1,2,2,0,1,"no","yes","yes",33,8,4,3,0,0,0,0,0,0.375,5.5,9,4,4,0,6,0.888888888888889,1.5,1
"loss","away",5,9,-4,0,1,4,"no","no","no",37,13,2,9,1,0,2,3,7,0.384615384615385,5.5,8,10,7,2,6,2.125,0.857142857142857,-12
"win","home",9,5,4,1,3,5,"yes","yes","yes",31,10,7,6,0,0,2,2,6,0.9,15,9,13,2,2,9,1.66666666666667,4.5,0
"win","away",8,2,6,0,2,6,"no","no","no",35,13,6,7,0,0,1,1,3,0.615384615384615,11.5,9,8,0,0,4,0.888888888888889,4,2
"loss","home",2,8,-6,2,0,0,"yes","yes","no",34,8,0,4,1,0,0,1,1,0.25,1,9,13,6,1,7,2.11111111111111,1.16666666666667,-8
"win","away",3,0,3,1,1,1,"yes","yes","yes",39,11,4,9,2,0,0,2,2,0.272727272727273,4.5,9,6,1,0,13,0.777777777777778,13,12
"loss","home",0,3,-3,0,0,0,"no","no","no",32,6,1,13,0,0,0,0,0,0,-5.5,9,11,4,0,9,1.66666666666667,2.25,2
"win","home",5,3,2,0,4,1,"yes","no","yes",26,7,5,2,3,0,0,3,3,0.714285714285714,12,9,9,1,1,5,1.11111111111111,5,0
"loss","away",3,5,-2,0,0,3,"no","no","no",34,9,1,5,1,0,1,2,4,0.333333333333333,3.5,8,7,5,0,2,1.5,0.4,-8
"win","home",6,1,5,0,5,1,"yes","no","yes",31,9,4,7,2,0,1,3,5,0.666666666666667,9.5,9,6,0,0,6,0.666666666666667,6,5
"loss","away",1,6,-5,0,0,1,"no","no","no",32,6,0,6,1,0,0,1,1,0.166666666666667,-1,8,9,4,1,7,1.625,1.75,-4
"win","home",5,2,3,4,1,0,"yes","yes","yes",30,7,0,9,0,0,2,2,6,0.714285714285714,2.5,9,6,3,0,3,1,1,-2
"loss","away",2,5,-3,0,2,0,"no","no","no",31,6,3,3,2,0,0,2,2,0.333333333333333,5.5,8,7,0,2,9,0.875,9,2
"win","home",5,3,2,2,3,0,"yes","yes","yes",37,14,4,3,1,0,1,2,4,0.357142857142857,9.5,9,10,2,0,8,1.33333333333333,4,3
"loss","away",3,5,-2,0,0,3,"no","no","no",35,10,2,8,3,0,0,3,3,0.3,4,8,14,4,1,3,2.25,0.75,-7
"win","home",5,3,2,1,4,0,"yes","no","yes",32,11,2,5,3,0,0,3,3,0.454545454545455,7.5,9,11,2,0,7,1.44444444444444,3.5,2
"loss","away",3,5,-2,1,1,1,"no","no","no",38,11,2,7,1,1,0,2,3,0.272727272727273,3.5,8,11,2,0,5,1.625,2.5,-2
"win","home",4,2,2,2,1,1,"yes","yes","yes",34,10,3,4,4,0,0,4,4,0.4,9,9,10,2,0,6,1.33333333333333,3,2
"loss","away",2,4,-2,0,2,0,"no","no","no",34,10,2,6,2,0,0,2,2,0.2,3,8,10,3,0,4,1.625,1.33333333333333,-3
"win","home",7,4,3,3,2,2,"yes","yes","yes",33,10,4,3,1,0,3,4,10,0.7,13.5,9,9,2,1,7,1.22222222222222,3.5,0
"loss","away",4,7,-3,0,4,0,"no","no","no",36,9,2,7,0,0,1,1,3,0.444444444444444,3.5,8,10,4,3,3,1.75,0.75,-11
"win","home",7,6,1,1,1,5,"yes","yes","no",35,11,2,6,1,0,2,3,7,0.636363636363636,9,9,8,7,0,4,1.66666666666667,0.571428571428571,-9
"loss","away",6,7,-1,0,6,0,"no","no","yes",33,8,7,4,3,0,0,3,3,0.75,14,8.66666666666667,11,2,2,6,1.5,3,-5
"win","home",3,2,1,2,0,1,"no","no","no",32,6,6,7,2,0,0,2,2,0.5,7.5,9,5,3,1,8,0.888888888888889,2.66666666666667,2
"loss","away",2,3,-1,2,0,0,"no","no","no",30,5,3,8,1,0,1,2,4,0.4,3,8.66666666666667,6,6,0,7,1.38461538461538,1.16666666666667,-2
"win","home",4,3,1,1,0,3,"no","no","no",29,8,1,5,0,1,0,1,2,0.5,3.5,9,8,1,0,4,1,4,0
"loss","away",3,4,-1,1,1,1,"yes","no","yes",33,8,1,4,1,1,0,2,3,0.375,4,8,8,1,0,5,1.125,5,0
"loss","away",1,6,-5,0,1,0,"no","no","no",31,4,2,8,1,0,1,2,4,0.25,1,8,10,4,1,5,1.75,1.25,-6
"win","home",6,1,5,4,2,0,"yes","yes","yes",32,10,4,5,1,0,1,2,4,0.6,9.5,9,4,2,1,8,0.666666666666667,4,4
"win","away",2,1,1,0,2,0,"yes","no","yes",32,7,1,5,1,0,0,1,1,0.285714285714286,1.5,9,9,1,0,7,1.11111111111111,7,5
"loss","home",1,2,-1,0,0,1,"no","no","no",35,9,1,7,1,0,0,1,1,0.111111111111111,-0.5,9,7,1,0,5,0.888888888888889,5,2
"win","away",11,4,7,1,3,7,"yes","yes","yes",44,17,3,7,2,1,1,4,7,0.647058823529412,14.5,9,12,2,1,6,1.55555555555556,3,-1
"loss","home",4,11,-7,0,2,2,"no","no","no",38,12,2,6,1,0,1,2,4,0.333333333333333,5,9.33333333333333,17,3,1,8,2.14285714285714,2.66666666666667,-7
"loss","away",3,4,-1,0,0,3,"yes","no","no",37,10,2,5,3,0,0,3,3,0.3,5.5,8.66666666666667,6,4,1,5,1.15384615384615,1.25,-4
"win","home",4,3,1,0,0,4,"no","no","no",32,6,4,5,0,0,1,1,3,0.666666666666667,6.5,9,10,2,0,5,1.33333333333333,2.5,0
"loss","home",0,6,-6,0,0,0,"no","no","no",28,5,2,5,0,0,0,0,0,0,-0.5,9,14,4,0,9,2,2.25,-1
"win","away",6,0,6,1,0,5,"yes","yes","yes",39,14,4,9,1,0,0,1,1,0.428571428571429,6.5,9,5,2,0,5,0.777777777777778,2.5,3
"loss","home",4,8,-4,2,1,1,"no","no","no",37,11,1,6,2,0,0,2,2,0.363636363636364,4,9,13,4,1,10,1.88888888888889,2.5,-3
"win","away",8,4,4,4,0,4,"no","yes","yes",38,13,4,10,2,0,1,3,5,0.615384615384615,10,9,11,1,0,6,1.33333333333333,6,1
"loss","away",3,4,-1,0,2,1,"no","no","no",36,9,5,7,1,0,1,2,4,0.333333333333333,6.5,9.33333333333333,11,6,0,9,1.82142857142857,1.5,-1
"win","home",4,3,1,1,1,1,"yes","yes","no",37,11,6,9,1,0,0,1,1,0.363636363636364,6.5,10,9,5,1,7,1.4,1.4,-2
"loss","home",1,6,-5,1,0,0,"no","no","no",33,7,0,4,3,0,0,3,3,0.142857142857143,2,9,14,4,1,7,2,1.75,-4
"win","away",6,1,5,4,0,2,"no","yes","yes",39,14,4,7,5,0,1,6,8,0.428571428571429,12.5,9,7,0,0,4,0.777777777777778,4,3
"win","home",11,2,9,0,9,2,"yes","no","yes",38,17,2,2,3,1,1,5,8,0.647058823529412,17,9,7,3,0,6,1.11111111111111,2,1
"loss","away",2,11,-9,0,1,1,"no","no","no",33,7,3,6,1,0,0,1,1,0.285714285714286,3,8,17,2,1,2,2.375,1,-12
"win","home",5,4,1,1,4,0,"yes","no","yes",31,8,3,2,2,0,1,3,5,0.625,10,9,11,4,0,17,1.66666666666667,4.25,9
"loss","away",4,5,-1,2,0,2,"no","yes","no",34,11,4,17,0,0,0,0,0,0.363636363636364,-0.5,8,8,3,1,2,1.375,0.666666666666667,-7
"loss","away",5,7,-2,0,5,0,"no","no","yes",36,11,5,7,2,0,1,3,5,0.454545454545455,9.5,8,12,3,1,4,1.875,1.33333333333333,-7
"win","home",7,5,2,1,2,4,"yes","yes","no",33,12,3,4,1,0,1,2,4,0.583333333333333,10,9,11,5,1,7,1.77777777777778,1.4,-4
"win","home",4,3,1,0,3,0,"yes","no","no",35,10,6,8,1,0,0,1,1,0.4,7,10,5,3,0,8,0.8,2.66666666666667,2
"loss","away",3,4,-1,0,3,0,"no","no","no",36,5,3,8,3,0,0,3,3,0.6,5,9,10,6,0,8,1.77777777777778,1.33333333333333,-2
"win","home",7,5,2,3,2,2,"no","yes","yes",32,7,4,6,2,0,1,3,5,1,11,9,10,2,1,9,1.33333333333333,4.5,1
"loss","away",5,7,-2,1,1,3,"yes","no","no",38,10,2,9,2,0,1,3,5,0.5,5.5,8,7,4,1,6,1.375,1.5,-6
"loss","away",0,4,-4,0,0,0,"no","no","no",33,5,1,10,0,0,0,0,0,0,-4,8,8,7,0,8,1.875,1.14285714285714,-3
"win","home",4,0,4,1,0,3,"yes","yes","yes",30,8,7,8,1,0,0,1,1,0.5,8,9,5,1,0,10,0.666666666666667,10,9
"loss","home",2,3,-1,0,2,0,"no","no","no",36,10,0,9,2,0,0,2,2,0.2,-0.5,9,11,2,0,7,1.44444444444444,3.5,2
"win","away",3,2,1,2,1,0,"yes","yes","yes",36,11,2,7,1,0,0,1,1,0.272727272727273,2.5,9,10,0,0,9,1.11111111111111,9,7
"loss","home",0,14,-14,0,0,0,"no","no","no",32,6,5,7,0,0,0,0,0,0,1.5,9,21,3,2,4,2.66666666666667,1.33333333333333,-15
"win","away",14,0,14,3,8,3,"yes","yes","yes",43,21,3,4,1,1,2,4,9,0.666666666666667,19,9,6,5,0,7,1.22222222222222,1.4,2
"win","away",4,2,2,0,1,3,"no","no","no",33,6,2,8,3,0,0,3,3,0.666666666666667,5,9,7,1,1,9,0.888888888888889,9,5
"loss","home",2,4,-2,0,2,0,"yes","no","yes",31,7,1,9,1,0,1,2,4,0.285714285714286,0.5,9,6,2,0,8,0.888888888888889,4,2
"win","home",1,0,1,1,0,0,"yes","yes","yes",28,3,0,7,1,0,1,2,4,0.333333333333333,-0.5,9,4,1,0,12,0.555555555555556,12,11
"loss","away",0,1,-1,0,0,0,"no","no","no",31,4,1,12,0,0,0,0,0,0,-5,8,3,0,1,7,0.375,7,5
"loss","away",3,5,-2,1,1,1,"yes","no","no",36,10,2,8,0,0,0,0,0,0.3,1,8,12,2,1,2,1.75,1,-6
"win","home",5,3,2,1,1,3,"no","no","no",34,12,2,2,1,0,1,2,4,0.416666666666667,8,9,10,2,0,8,1.33333333333333,4,3
"win","home",6,1,5,2,4,0,"no","yes","yes",35,12,2,7,1,0,2,3,7,0.5,7.5,9,6,4,0,8,1.11111111111111,2,3
"loss","away",1,6,-5,1,0,0,"no","no","no",32,6,4,8,2,0,0,2,2,0.166666666666667,3,8,12,2,2,7,1.75,3.5,-3
"loss","away",2,10,-8,2,0,0,"no","no","no",35,9,5,8,0,0,0,0,0,0.222222222222222,3,8,15,5,0,4,2.5,0.8,-11
"win","home",10,2,8,2,4,4,"yes","no","yes",38,15,5,4,4,1,0,5,6,0.666666666666667,18,9,9,5,0,8,1.55555555555556,1.6,1
"win","home",9,2,7,7,1,1,"yes","yes","yes",34,11,6,3,2,1,0,3,4,0.818181818181818,16.5,9,10,3,0,6,1.44444444444444,2,1
"loss","away",2,9,-7,0,1,1,"no","no","no",35,10,3,6,1,0,0,1,1,0.2,3,8,11,6,0,3,2.125,0.5,-12
"loss","home",2,11,-9,0,2,0,"no","no","no",34,9,1,8,2,0,0,2,2,0.222222222222222,1,9,15,4,0,5,2.11111111111111,1.25,-10
"win","away",11,2,9,3,5,3,"yes","yes","yes",42,15,4,5,4,1,0,5,6,0.733333333333333,17.5,9,9,1,0,8,1.11111111111111,8,5
"loss","away",2,8,-6,1,0,1,"no","no","no",32,6,3,5,3,0,0,3,3,0.333333333333333,5.5,8,12,2,2,6,1.75,3,-6
"win","home",8,2,6,1,3,4,"yes","no","yes",36,12,2,6,1,1,2,4,9,0.666666666666667,11,9,6,3,0,5,1,1.66666666666667,0
"win","away",3,1,2,0,3,0,"no","no","yes",31,7,1,6,1,0,0,1,1,0.428571428571429,2,9,7,2,0,3,1,1.5,0
"loss","home",1,3,-2,0,1,0,"no","no","no",31,7,2,3,1,0,0,1,1,0.142857142857143,2.5,9,7,1,0,6,0.888888888888889,6,2
"win","home",6,0,6,2,2,2,"yes","yes","yes",32,10,1,8,2,1,2,5,10,0.6,8,9,8,2,0,9,1.11111111111111,4.5,7
"loss","away",0,6,-6,0,0,0,"no","no","no",34,8,2,9,1,0,0,1,1,0,-1.5,8,10,1,2,8,1.375,8,-1
"win","away",11,4,7,4,3,4,"yes","yes","yes",40,16,4,4,3,0,1,4,6,0.6875,17,9,10,2,0,5,1.33333333333333,2.5,-1
"loss","home",4,11,-7,0,4,0,"no","no","no",36,10,2,5,1,0,0,1,1,0.4,4.5,9,16,4,1,4,2.22222222222222,1,-12
"win","away",7,5,2,5,0,2,"yes","yes","no",36,11,6,9,0,0,0,0,0,0.636363636363636,8.5,9,7,4,1,10,1.22222222222222,2.5,0
"loss","home",5,7,-2,2,3,0,"no","no","no",32,7,4,10,1,0,1,2,4,0.714285714285714,6,9,11,6,0,9,1.88888888888889,1.5,-4
"win","home",3,2,1,0,0,1,"no","no","no",35,9,1,6,1,0,0,1,1,0.333333333333333,2,10,9,4,0,3,1.3,0.75,-3
"loss","away",2,3,-1,1,0,0,"yes","yes","yes",36,9,4,3,1,0,0,1,1,0.222222222222222,5.5,9.33333333333333,9,1,0,6,1.07142857142857,6,2
"win","away",11,6,5,1,6,4,"yes","yes","yes",40,12,4,4,2,1,0,3,4,0.916666666666667,16,9,10,4,0,3,1.55555555555556,0.75,-7
"loss","home",6,11,-5,0,4,2,"no","no","no",33,10,4,3,1,0,0,1,1,0.6,9.5,9,12,4,0,4,1.77777777777778,1,-11
"win","away",8,5,3,2,2,4,"yes","yes","no",35,12,1,9,1,0,2,3,7,0.666666666666667,7.5,9,10,3,0,10,1.44444444444444,3.33333333333333,2
"loss","home",5,8,-3,0,5,0,"no","no","yes",34,10,3,10,1,0,0,1,1,0.5,4,9,12,1,2,9,1.44444444444444,9,-2
"win","away",6,1,5,2,3,1,"yes","yes","yes",35,9,3,9,0,0,2,2,6,0.666666666666667,6.5,9,5,2,0,5,0.777777777777778,2.5,2
"loss","home",1,6,-5,0,0,1,"no","no","no",31,5,2,5,2,0,0,2,2,0.2,2.5,9,9,3,2,9,1.33333333333333,3,-2
"loss","home",6,13,-7,2,0,4,"yes","yes","no",32,5,2,12,0,0,3,3,9,1.2,5,9,12,6,0,2,2,0.333333333333333,-17
"win","away",13,6,7,1,4,8,"no","no","yes",36,12,6,2,2,0,0,2,2,1.08333333333333,20,9,5,2,3,12,0.777777777777778,6,1
"win","home",8,7,1,3,4,1,"no","no","yes",35,12,5,5,5,0,0,5,5,0.666666666666667,15.5,9,12,2,1,3,1.55555555555556,1.5,-7
"loss","away",7,8,-1,3,1,3,"yes","no","no",35,12,2,3,3,1,1,5,8,0.583333333333333,12.5,8,12,5,0,5,2.125,1,-8
"win","away",8,1,7,0,8,0,"no","no","yes",36,13,5,5,3,0,0,3,3,0.615384615384615,13.5,9,8,2,0,8,1.11111111111111,4,5
"loss","home",1,8,-7,0,1,0,"no","no","no",35,8,2,8,0,0,0,0,0,0.125,-1,9,13,5,0,5,2,1,-8
"loss","away",1,4,-3,0,0,1,"no","no","no",32,5,3,9,1,0,0,1,1,0.2,0.5,8,6,7,0,6,1.625,0.857142857142857,-5
"win","home",4,1,3,2,0,2,"yes","yes","yes",29,6,7,6,0,0,0,0,0,0.666666666666667,8,9,5,3,0,9,0.888888888888889,3,5
"loss","away",2,6,-4,1,0,1,"yes","yes","no",34,7,3,7,1,0,0,1,1,0.285714285714286,2.5,8,7,5,0,5,1.5,1,-6
"win","home",6,2,4,0,6,0,"no","no","yes",29,7,5,5,2,0,0,2,2,0.857142857142857,10.5,9,7,3,0,7,1.11111111111111,2.33333333333333,2
"win","away",9,3,6,4,2,3,"yes","yes","yes",40,15,2,9,1,1,1,3,6,0.6,9.5,9,11,2,1,3,1.44444444444444,1.5,-3
"loss","home",3,9,-6,1,0,2,"no","no","no",36,11,2,3,2,0,1,3,5,0.272727272727273,6.5,9,15,2,1,9,1.88888888888889,4.5,-3
"win","away",2,1,1,2,0,0,"yes","yes","yes",35,10,0,4,0,0,0,0,0,0.2,0,9,5,2,0,6,0.777777777777778,3,3
"loss","home",1,2,-1,0,1,0,"no","no","no",29,5,2,6,0,1,0,1,2,0.2,1,9,10,0,0,4,1.11111111111111,4,2
"win","away",5,0,5,3,2,0,"yes","yes","yes",30,7,4,5,0,1,0,1,2,0.714285714285714,7.5,9,5,3,0,6,0.888888888888889,2,3
"loss","home",0,5,-5,0,0,0,"no","no","no",30,5,3,6,2,0,0,2,2,0,2,9,7,4,0,5,1.22222222222222,1.25,-4
"loss","home",3,8,-5,1,0,2,"yes","yes","no",34,5,4,12,0,0,0,0,0,0.6,1,9,13,4,1,3,1.88888888888889,0.75,-10
"win","away",8,3,5,0,3,5,"no","no","yes",40,13,4,3,2,1,1,4,7,0.615384615384615,14.5,9,5,4,0,12,1,3,5
"win","home",8,7,1,3,2,1,"no","no","yes",37,7,9,6,0,0,1,1,3,1.14285714285714,15,10,8,8,0,8,1.6,1,-7
"loss","away",7,8,-1,4,0,2,"no","yes","no",37,8,8,8,0,1,0,1,2,0.875,12,9.66666666666667,7,9,1,6,1.6551724137931,0.666666666666667,-12
"win","away",8,4,4,2,5,1,"no","no","yes",34,11,3,4,5,0,0,5,5,0.727272727272727,14,9,6,4,1,4,1.11111111111111,1,-5
"loss","home",4,8,-4,4,0,0,"yes","yes","no",31,6,4,4,2,0,1,3,5,0.666666666666667,9,9,11,3,0,4,1.55555555555556,1.33333333333333,-7
"loss","home",1,8,-7,0,1,0,"no","no","no",37,12,2,7,1,0,0,1,1,0.0833333333333333,0.5,9,12,5,1,3,1.88888888888889,0.6,-11
"win","away",8,1,7,0,1,7,"yes","no","no",32,12,5,3,2,1,1,4,7,0.666666666666667,15.5,9,12,2,0,7,1.55555555555556,3.5,4
"win","home",5,0,5,0,3,2,"yes","no","yes",29,7,4,8,3,1,0,4,5,0.714285714285714,9,9,6,0,0,4,0.666666666666667,4,4
"loss","away",0,5,-5,0,0,0,"no","no","no",30,6,0,4,1,0,0,1,1,0,-1,8,7,4,0,8,1.375,2,-1
"win","home",7,2,5,0,3,4,"no","no","yes",33,10,2,10,5,0,1,6,8,0.7,10,9,10,2,0,6,1.33333333333333,3,2
"loss","away",2,7,-5,1,1,0,"yes","yes","no",35,10,2,6,2,0,0,2,2,0.2,3,8,10,2,1,10,1.5,5,0
"loss","away",3,9,-6,0,0,3,"no","no","no",33,6,2,9,1,0,1,2,4,0.5,2.5,8,15,2,0,5,2.125,2.5,-6
"win","home",9,3,6,6,3,0,"yes","yes","yes",37,15,2,5,3,2,0,5,7,0.6,13.5,9,6,2,1,9,0.888888888888889,4.5,3
"loss","home",2,8,-6,0,1,1,"no","no","no",34,8,5,9,4,0,0,4,4,0.25,6.5,9,13,4,0,5,1.88888888888889,1.25,-7
"win","away",8,2,6,3,1,4,"yes","yes","yes",37,13,4,5,4,0,0,4,4,0.615384615384615,13.5,9,8,5,0,9,1.44444444444444,1.8,2
"win","home",7,5,2,5,1,1,"no","yes","yes",33,11,3,3,1,0,3,4,10,0.636363636363636,12.5,9,8,5,0,5,1.44444444444444,1,-5
"loss","away",5,7,-2,2,0,3,"no","no","no",34,8,5,5,1,0,0,1,1,0.625,8.5,8,11,3,3,3,1.75,1,-10
"win","away",4,1,3,1,2,1,"yes","yes","yes",36,8,0,8,0,0,1,1,3,0.5,1,9,5,1,0,3,0.666666666666667,3,1
"loss","home",1,4,-3,0,1,0,"no","no","no",31,5,1,3,1,0,0,1,1,0.2,1.5,9,8,0,1,8,0.888888888888889,8,3
"loss","away",2,5,-3,0,2,0,"no","no","no",30,5,0,11,0,1,1,2,5,0.4,-1.5,8,7,3,1,5,1.25,1.66666666666667,-4
"win","home",5,2,3,1,2,2,"yes","yes","yes",31,7,3,5,1,0,1,2,4,0.714285714285714,7.5,9,5,0,1,11,0.555555555555556,11,8
"loss","home",1,9,-8,1,0,0,"yes","yes","no",35,8,5,10,2,0,0,2,2,0.125,3,9,12,3,1,6,1.66666666666667,2,-7
"win","away",9,1,8,0,2,7,"no","no","yes",39,12,3,6,5,1,1,7,10,0.75,16,9,8,5,0,10,1.44444444444444,2,4
"win","away",6,3,3,2,3,1,"no","no","yes",34,10,5,11,0,1,1,2,5,0.6,7.5,9,8,2,0,6,1.11111111111111,3,1
"loss","home",3,6,-3,2,1,0,"no","no","no",35,8,2,6,3,0,0,3,3,0.375,5,9,10,5,1,11,1.66666666666667,2.2,-1
"win","home",5,1,4,0,5,0,"no","no","yes",33,9,1,9,0,0,1,1,3,0.555555555555556,2.5,9,5,1,0,9,0.666666666666667,9,7
"loss","away",1,5,-4,1,0,0,"yes","yes","no",32,5,1,9,0,0,0,0,0,0.2,-2.5,8,9,1,1,9,1.25,9,2
"loss","away",3,4,-1,2,0,1,"yes","yes","yes",32,8,6,9,0,0,0,0,0,0.375,4.5,8,10,4,0,3,1.75,0.75,-5
"win","home",4,3,1,1,0,3,"no","no","no",31,10,4,3,1,0,0,1,1,0.4,7.5,9,8,6,0,9,1.55555555555556,1.5,0
"win","away",1,0,1,0,0,0,"yes","no","no",31,4,2,8,0,0,0,0,0,0.25,-1,10,3,2,0,5,0.5,2.5,3
"loss","home",0,1,-1,0,0,0,"no","no","no",32,3,2,5,0,0,0,0,0,0,-0.5,10,4,2,0,8,0.6,4,5
"loss","away",8,13,-5,8,0,0,"yes","yes","yes",37,12,3,3,2,0,1,3,5,0.666666666666667,12.5,8,20,3,0,8,2.875,2.66666666666667,-8
"win","home",13,8,5,2,2,9,"no","no","no",41,20,3,8,3,1,0,4,5,0.65,16,9,12,3,1,3,1.66666666666667,1,-9
"win","home",4,0,4,0,3,1,"yes","no","yes",29,5,1,6,1,0,1,2,4,0.8,4,9,8,1,0,9,1,9,8
"loss","away",0,4,-4,0,0,0,"no","no","no",34,8,1,9,3,0,0,3,3,0,-0.5,8,5,1,1,6,0.75,6,0
"loss","away",4,6,-2,3,1,0,"no","no","no",33,6,2,9,0,1,0,1,2,0.666666666666667,2.5,8,10,7,0,6,2.125,0.857142857142857,-7
"win","home",6,4,2,4,2,0,"no","yes","yes",33,10,7,6,1,0,0,1,1,0.6,11,9,6,2,0,9,0.888888888888889,4.5,3
"win","away",3,2,1,0,2,1,"no","no","no",32,7,3,7,0,0,0,0,0,0.428571428571429,2.5,9,9,1,0,2,1.11111111111111,2,-1
"loss","home",2,3,-1,1,1,0,"yes","yes","no",32,9,1,2,1,0,0,1,1,0.222222222222222,3,9,7,3,0,7,1.11111111111111,2.33333333333333,1
"win","home",8,4,4,0,8,0,"no","no","yes",30,10,2,7,0,1,1,2,5,0.8,8.5,9,7,3,0,8,1.11111111111111,2.66666666666667,1
"loss","away",4,8,-4,0,4,0,"no","no","no",32,7,3,8,0,0,0,0,0,0.571428571428571,3,8,10,2,1,7,1.5,3.5,-4
"loss","away",2,9,-7,2,0,0,"yes","yes","no",33,6,0,9,0,0,1,1,3,0.333333333333333,-1.5,8,10,5,1,8,1.875,1.6,-7
"win","home",9,2,7,0,6,3,"no","no","yes",31,10,5,8,1,0,1,2,4,0.9,12,9,6,0,1,9,0.666666666666667,9,6
"loss","away",0,3,-3,0,0,0,"no","no","no",31,5,1,5,0,0,0,0,0,0,-1.5,8,5,2,1,9,0.875,4.5,3
"win","home",3,0,3,0,1,2,"yes","no","yes",28,5,2,9,0,0,1,1,3,0.6,1.5,9,5,1,0,5,0.666666666666667,5,4
"loss","home",2,6,-4,1,0,1,"no","no","no",36,11,2,2,0,0,0,0,0,0.181818181818182,3,9,13,3,1,9,1.77777777777778,3,-1
"win","away",6,2,4,1,3,2,"yes","no","yes",39,13,3,9,1,0,1,2,4,0.461538461538462,6.5,9,11,2,0,2,1.44444444444444,1,-2
"loss","away",5,6,-1,2,1,2,"yes","yes","no",37,10,4,10,1,1,0,2,3,0.5,6,9,12,3,1,7,1.66666666666667,2.33333333333333,-3
"win","home",6,5,1,0,4,1,"no","no","yes",39,12,3,7,2,0,1,3,5,0.5,8.5,10,10,4,0,10,1.4,2.5,1
"win","home",5,2,3,2,3,0,"no","no","yes",28,7,2,7,1,0,1,2,4,0.714285714285714,5.5,9,11,2,1,9,1.44444444444444,4.5,4
"loss","away",2,5,-3,2,0,0,"no","no","no",36,11,2,9,1,0,1,2,4,0.181818181818182,1.5,8,7,2,1,7,1.125,3.5,-1
"win","away",2,0,2,0,0,0,"yes","no","no",37,6,0,7,0,0,1,1,3,0.333333333333333,-0.5,11,7,2,0,6,0.818181818181818,3,4
"loss","home",0,2,-2,0,0,0,"no","no","no",39,7,2,6,0,0,0,0,0,0,-1,11,6,0,1,7,0.545454545454545,7,4
"loss","away",2,9,-7,0,2,0,"no","no","no",34,10,1,11,2,0,0,2,2,0.2,-0.5,8,11,5,1,7,2,1.4,-8
"win","home",9,2,7,6,3,0,"yes","yes","yes",36,11,5,7,2,0,1,3,5,0.818181818181818,13.5,9,10,1,0,11,1.22222222222222,11,8
"loss","home",2,5,-3,0,1,1,"no","no","no",37,10,2,7,2,0,0,2,2,0.2,2.5,9,7,2,1,5,1,2.5,-3
"win","away",5,2,3,2,3,0,"yes","yes","yes",32,7,2,5,2,0,1,3,5,0.714285714285714,7.5,9,10,2,0,7,1.33333333333333,3.5,3
"loss","away",1,11,-10,0,1,0,"no","no","no",28,4,3,4,0,0,0,0,0,0.25,2,8,12,4,0,11,2,2.75,-4
"win","home",11,1,10,7,4,0,"yes","yes","yes",33,12,4,11,2,1,0,3,4,0.916666666666667,12.5,9,4,3,0,4,0.777777777777778,1.33333333333333,0
"win","away",9,1,8,0,7,2,"no","no","yes",34,12,2,7,5,0,2,7,11,0.75,14.5,9,8,1,0,8,1,8,6
"loss","home",1,9,-8,1,0,0,"yes","yes","no",34,8,1,8,2,1,0,3,4,0.125,1,9,12,2,2,7,1.55555555555556,3.5,-6
"loss","away",3,4,-1,0,2,1,"no","no","no",33,6,4,8,1,0,0,1,1,0.5,4,8.33333333333333,9,5,0,5,1.68,1,-4
"win","home",4,3,1,2,0,2,"yes","yes","no",32,9,5,5,1,0,0,1,1,0.444444444444444,7.5,9,6,4,0,8,1.11111111111111,2,1
"loss","home",0,1,-1,0,0,0,"no","no","no",30,5,5,12,1,0,0,1,1,0,0,9,9,2,1,6,1.22222222222222,3,2
"win","away",1,0,1,0,0,1,"yes","no","no",36,9,2,6,1,0,1,2,4,0.111111111111111,2,9,5,5,0,12,1.11111111111111,2.4,7
"loss","away",1,7,-6,0,1,0,"no","no","no",34,8,0,7,3,0,0,3,3,0.125,0.5,8,10,4,1,2,1.75,0.5,-10
"win","home",7,1,6,5,2,0,"yes","yes","yes",34,10,4,2,3,0,1,4,6,0.7,14,9,8,0,0,7,0.888888888888889,7,6
"win","away",6,4,2,3,0,3,"yes","yes","yes",33,9,1,7,1,0,2,3,7,0.666666666666667,6.5,9,7,5,0,5,1.33333333333333,1,-4
"loss","home",4,6,-2,0,0,4,"no","no","no",32,7,5,5,0,0,0,0,0,0.571428571428571,6.5,9,9,1,2,7,1.11111111111111,7,-2
"loss","home",3,3,0,2,1,0,"yes","no","yes",36,11,3,6,2,0,0,2,2,0.272727272727273,5,9,7,4,0,6,1.22222222222222,1.5,-1
"loss","away",3,3,0,2,0,1,"no","no","no",32,7,4,6,1,0,0,1,1,0.428571428571429,5,9,11,3,0,6,1.55555555555556,2,0
"win","home",7,0,7,3,1,3,"yes","yes","yes",32,10,3,8,4,1,1,6,9,0.7,12,9,6,5,0,6,1.22222222222222,1.2,1
"loss","away",0,7,-7,0,0,0,"no","no","no",32,6,5,6,1,0,0,1,1,0,3,8,10,3,1,8,1.625,2.66666666666667,-3
"win","home",4,2,2,4,0,0,"no","yes","yes",30,7,3,6,2,0,0,2,2,0.571428571428571,6,9,7,1,0,2,0.888888888888889,2,-1
"loss","away",2,4,-2,1,0,1,"yes","no","no",32,7,1,2,0,0,0,0,0,0.285714285714286,2,8,7,3,0,6,1.25,2,-1
"loss","home",3,6,-3,2,1,0,"no","no","no",21,7,3,5,0,0,1,1,3,0.428571428571429,4.5,5,8,4,1,5,2.4,1.25,-6
"win","away",6,3,3,5,1,0,"yes","yes","yes",22,8,4,5,2,0,1,3,5,0.75,10.5,5,7,3,1,5,2,1.66666666666667,-2
"win","home",12,1,11,5,3,4,"yes","yes","yes",42,16,5,5,1,2,1,4,8,0.75,18.5,9,7,2,0,9,1,4.5,6
"loss","away",1,12,-11,0,0,1,"no","no","no",34,7,2,9,2,0,0,2,2,0.142857142857143,0.5,8,16,5,1,5,2.625,1,-13
"loss","home",1,5,-4,0,1,0,"no","no","no",31,4,1,5,2,0,0,2,2,0.25,1.5,9,8,2,0,1,1.11111111111111,0.5,-6
"win","away",5,1,4,1,0,4,"yes","yes","no",34,8,2,1,3,0,0,3,3,0.625,9.5,9,4,1,0,5,0.555555555555556,5,3
"win","home",4,2,2,2,2,0,"yes","no","yes",30,5,2,6,1,0,0,1,1,0.8,4,9,7,4,0,6,1.22222222222222,1.5,0
"loss","away",2,4,-2,2,0,0,"no","no","no",31,7,4,6,2,0,0,2,2,0.285714285714286,5,8,5,2,0,6,0.875,3,0
"win","home",7,6,1,0,0,7,"no","no","no",37,12,5,2,2,1,0,3,4,0.583333333333333,14,9,11,3,0,4,1.55555555555556,1.33333333333333,-5
"loss","away",6,7,-1,4,2,0,"yes","yes","yes",36,11,3,4,2,1,0,3,4,0.545454545454545,10,8.66666666666667,12,5,0,2,1.96153846153846,0.4,-10
"loss","home",1,1,0,1,0,0,"no","no","no",33,8,1,3,1,0,0,1,1,0.125,1.5,10,5,3,0,10,0.8,3.33333333333333,6
"loss","away",1,1,0,1,0,0,"no","no","no",34,5,3,10,0,0,0,0,0,0.2,-1,9.33333333333333,8,1,0,3,0.964285714285714,3,1
"loss","away",1,7,-6,1,0,0,"yes","yes","no",34,7,4,6,2,0,1,3,5,0.142857142857143,5,8,10,6,0,2,2,0.333333333333333,-11
"win","home",7,1,6,0,3,4,"no","no","yes",29,10,6,2,2,0,0,2,2,0.7,14,9,7,4,1,6,1.22222222222222,1.5,0
"win","home",6,1,5,6,0,0,"yes","yes","yes",32,9,2,10,4,0,1,5,7,0.666666666666667,8,9,8,1,0,6,1,6,4
"loss","away",1,6,-5,0,1,0,"no","no","no",34,8,1,6,3,0,0,3,3,0.125,2,8,9,2,1,10,1.375,5,1
"win","home",3,2,1,1,1,1,"yes","yes","yes",27,6,4,4,0,0,0,0,0,0.5,5,9,7,2,0,7,1,3.5,3
"loss","away",2,3,-1,0,0,2,"no","no","no",34,7,2,7,1,1,0,2,3,0.285714285714286,2.5,8,6,4,0,4,1.25,1,-3
"loss","home",0,1,-1,0,0,0,"no","no","no",28,6,3,5,0,0,0,0,0,0,0.5,9,7,2,0,6,1,3,3
"win","away",1,0,1,0,1,0,"yes","no","yes",31,7,2,6,1,1,0,2,3,0.142857142857143,2,9,6,3,0,5,1,1.66666666666667,2
"loss","home",6,10,-4,2,4,0,"no","no","yes",41,13,3,11,1,1,0,2,3,0.461538461538462,5.5,9,12,3,1,8,1.66666666666667,2.66666666666667,-6
"win","away",10,6,4,5,0,5,"yes","yes","no",37,12,3,8,0,1,1,2,5,0.833333333333333,11,9,13,3,0,11,1.77777777777778,3.66666666666667,2
"win","home",6,2,4,3,3,0,"yes","yes","yes",30,6,2,8,0,1,2,3,8,1,7,9,7,4,1,8,1.22222222222222,2,1
"loss","away",2,6,-4,0,2,0,"no","no","no",35,7,4,8,1,0,1,2,4,0.285714285714286,4,8,6,2,2,8,1,4,-2
"loss","home",5,6,-1,3,2,0,"yes","yes","no",31,6,5,6,2,0,1,3,5,0.833333333333333,10,9,7,1,0,8,0.888888888888889,8,1
"win","away",6,5,1,0,6,0,"no","no","yes",34,7,1,8,1,0,0,1,1,0.857142857142857,4,9,6,5,1,6,1.22222222222222,1.2,-5
"loss","home",5,8,-3,3,0,2,"no","yes","no",35,9,2,6,0,0,1,1,3,0.555555555555556,5,9,13,4,1,6,1.88888888888889,1.5,-7
"win","away",8,5,3,2,3,3,"no","no","yes",36,13,4,6,1,0,1,2,4,0.615384615384615,11,9,9,2,1,6,1.22222222222222,3,-2
"loss","home",1,3,-2,0,1,0,"yes","no","yes",34,8,2,9,1,0,0,1,1,0.125,-0.5,9,6,1,0,13,0.777777777777778,13,9
"win","away",3,1,2,0,0,3,"no","no","no",33,6,1,13,2,1,0,3,4,0.5,0.5,9,8,2,0,9,1.11111111111111,4.5,6
"win","away",4,0,4,2,2,0,"yes","yes","yes",33,7,0,2,2,0,1,3,5,0.571428571428571,6,9,4,0,0,6,0.444444444444444,6,6
"loss","home",0,4,-4,0,0,0,"no","no","no",31,4,0,6,1,0,0,1,1,0,-2,9,7,0,1,2,0.777777777777778,2,-3
"win","away",1,0,1,0,0,1,"yes","no","no",32,6,3,6,2,0,0,2,2,0.166666666666667,3,9,7,0,0,7,0.777777777777778,7,7
"loss","home",0,1,-1,0,0,0,"no","no","no",32,7,0,7,0,0,0,0,0,0,-3.5,9,6,3,0,6,1,2,2
"loss","home",3,7,-4,0,1,2,"no","no","no",36,6,5,11,1,1,0,2,3,0.5,4.5,10,13,3,1,7,1.6,2.33333333333333,-4
"win","away",7,3,4,1,2,0,"yes","yes","yes",41,13,3,7,3,0,1,4,6,0.538461538461538,10.5,10,6,5,0,11,1.1,2.2,3
"win","away",4,2,2,1,0,0,"yes","yes","yes",35,7,4,4,1,0,0,1,1,0.571428571428571,7,10,6,4,0,3,1,0.75,-3
"loss","home",2,4,-2,0,0,1,"no","no","no",32,6,4,3,1,0,0,1,1,0.333333333333333,5.5,10,7,4,0,4,1.1,1,-4
"win","away",8,5,3,2,0,6,"yes","yes","no",34,12,5,6,4,0,2,6,10,0.666666666666667,16,9,12,3,2,6,1.66666666666667,2,-4
"loss","home",5,8,-3,0,2,3,"no","no","no",39,12,3,6,1,0,2,3,7,0.416666666666667,8,9,12,5,2,6,1.88888888888889,1.2,-9
"loss","home",1,11,-10,1,0,0,"no","no","no",33,6,5,7,2,0,0,2,2,0.166666666666667,4.5,9,17,7,0,9,2.66666666666667,1.28571428571429,-9
"win","away",11,1,10,3,5,3,"yes","yes","yes",45,17,7,9,2,0,0,2,2,0.647058823529412,15.5,9,6,5,0,7,1.22222222222222,1.4,1
"win","home",3,2,1,1,0,1,"yes","yes","yes",38,10,1,12,1,1,0,2,3,0.3,0,11,6,7,0,6,1.18181818181818,0.857142857142857,-3
"loss","away",2,3,-1,0,0,2,"no","no","no",36,6,7,6,1,1,0,2,3,0.333333333333333,8,10,10,1,0,12,1.1,12,8
"loss","home",3,12,-9,3,0,0,"yes","yes","yes",30,5,2,11,2,0,0,2,2,0.6,1.5,9,17,3,0,11,2.22222222222222,3.66666666666667,-4
"win","away",12,3,9,0,1,11,"no","no","no",40,17,3,11,2,1,0,3,4,0.705882352941177,12.5,9,5,2,0,11,0.777777777777778,5.5,6
"loss","home",0,10,-10,0,0,0,"no","no","no",34,7,2,12,0,0,0,0,0,0,-4,9,19,4,1,8,2.55555555555556,2,-7
"win","away",10,0,10,2,3,5,"yes","yes","yes",43,19,4,8,5,0,1,6,8,0.526315789473684,16,9,7,2,0,12,1,6,10
"loss","away",4,10,-6,2,2,0,"no","yes","no",28,6,7,9,1,0,0,1,1,0.666666666666667,7.5,8,9,3,1,6,1.5,2,-8
"win","home",10,4,6,1,4,5,"yes","no","yes",35,9,3,6,1,1,1,3,6,1.11111111111111,13,9,6,7,0,9,1.44444444444444,1.28571428571429,-2
"loss","away",0,9,-9,0,0,0,"no","no","no",34,8,0,11,1,0,0,1,1,0,-4.5,8,19,5,0,5,3,1,-9
"win","home",9,0,9,5,3,1,"yes","yes","yes",39,19,5,5,1,3,0,4,7,0.473684210526316,15.5,9,8,0,0,11,0.888888888888889,11,11
"win","away",6,2,4,2,3,1,"yes","yes","yes",38,15,5,2,2,0,0,2,2,0.4,12,9,6,2,0,4,0.888888888888889,2,0
"loss","home",2,6,-4,0,0,2,"no","no","no",32,6,2,4,1,0,0,1,1,0.333333333333333,3,9,15,5,0,2,2.22222222222222,0.4,-9
"win","away",3,2,1,0,3,0,"yes","no","yes",31,5,6,4,0,0,0,0,0,0.6,7,9,9,4,1,9,1.44444444444444,2.25,2
"loss","home",2,3,-1,0,0,2,"no","no","no",33,9,4,9,0,0,1,1,3,0.222222222222222,2.5,9,5,6,0,4,1.22222222222222,0.666666666666667,-5
"loss","home",0,3,-3,0,0,0,"no","no","no",28,3,2,4,2,0,0,2,2,0,2,9,7,2,1,6,1,3,0
"win","away",3,0,3,2,1,0,"yes","yes","yes",33,7,2,6,1,0,1,2,4,0.428571428571429,4,9,3,2,0,4,0.555555555555556,2,2
"loss","away",1,3,-2,0,0,1,"no","no","no",29,4,5,11,1,0,0,1,1,0.25,1.5,8,6,3,0,8,1.125,2.66666666666667,2
"win","home",3,1,2,3,0,0,"yes","yes","yes",27,6,3,8,2,0,0,2,2,0.5,4,9,4,5,0,11,1,2.2,5
"loss","away",0,3,-3,0,0,0,"no","no","no",29,1,4,2,0,0,0,0,0,0,3,8,10,2,2,6,1.5,3,-1
"win","home",3,0,3,1,1,1,"yes","yes","yes",34,10,2,6,0,0,2,2,6,0.3,4,9,1,4,0,2,0.555555555555556,0.5,-2
"win","home",3,2,1,1,0,1,"yes","yes","no",35,7,6,5,2,0,0,2,2,0.428571428571429,8.5,12,8,5,1,13,1.08333333333333,2.6,5
"loss","away",2,3,-1,0,1,1,"no","no","no",42,8,5,13,0,0,1,1,3,0.25,1.5,11.3333333333333,7,6,0,5,1.14705882352941,0.833333333333333,-4
"loss","away",1,7,-6,1,0,0,"no","no","no",34,10,1,0,0,0,0,0,0,0.1,2,8,11,2,1,4,1.625,2,-6
"win","home",7,1,6,2,3,2,"no","yes","yes",34,11,2,4,2,0,1,3,5,0.636363636363636,10,9,10,1,0,0,1.22222222222222,0,-2
"win","away",8,0,8,1,6,1,"yes","yes","yes",37,12,4,7,2,0,0,2,2,0.666666666666667,10.5,9,6,2,0,5,0.888888888888889,2.5,3
"loss","home",0,8,-8,0,0,0,"no","no","no",31,6,2,5,1,0,0,1,1,0,0.5,9,12,4,0,7,1.77777777777778,1.75,-5
"win","home",7,4,3,2,2,3,"yes","yes","yes",31,11,2,3,1,0,1,2,4,0.636363636363636,9.5,9,7,0,2,5,0.777777777777778,5,-1
"loss","away",4,7,-3,0,3,1,"no","no","no",34,7,0,5,2,0,2,4,8,0.571428571428571,5.5,8,11,2,1,3,1.625,1.5,-7
"win","away",3,1,2,1,0,2,"no","no","no",35,8,4,12,1,0,0,1,1,0.375,2,9,8,3,0,5,1.22222222222222,1.66666666666667,1
"loss","home",1,3,-2,1,0,0,"yes","no","no",32,8,3,5,1,0,0,1,1,0.125,2.5,9,8,4,0,12,1.33333333333333,3,5
"win","away",2,1,1,1,1,0,"yes","yes","yes",36,10,3,8,2,0,0,2,2,0.2,3,9,10,0,0,5,1.11111111111111,5,4
"loss","home",1,2,-1,0,1,0,"no","no","no",34,10,0,5,3,0,0,3,3,0.1,1.5,9,10,3,0,8,1.44444444444444,2.66666666666667,3
"loss","home",2,6,-4,0,1,1,"no","no","no",33,7,4,8,2,0,1,3,5,0.285714285714286,5,9,12,0,0,4,1.33333333333333,4,-2
"win","away",6,2,4,1,0,5,"yes","yes","no",35,12,0,4,3,0,0,3,3,0.5,7,9,7,4,1,8,1.22222222222222,2,1
"loss","away",1,4,-3,1,0,0,"yes","no","no",32,7,1,8,1,1,1,3,6,0.142857142857143,1,8,7,3,1,4,1.25,1.33333333333333,-4
"win","home",4,1,3,1,1,2,"no","no","yes",29,7,3,4,0,0,1,1,3,0.571428571428571,6,9,7,1,1,8,0.888888888888889,8,5
"loss","away",5,10,-5,1,1,3,"no","no","no",33,8,3,11,1,0,0,1,1,0.625,3.5,8,14,3,3,7,2.125,2.33333333333333,-9
"win","home",10,5,5,2,0,8,"yes","yes","no",39,14,3,7,0,0,3,3,9,0.714285714285714,12.5,9,8,3,0,11,1.22222222222222,3.66666666666667,3
"loss","home",1,2,-1,1,0,0,"no","no","no",32,8,2,5,0,0,1,1,3,0.125,1.5,9,8,2,0,5,1.11111111111111,2.5,1
"win","away",2,1,1,2,0,0,"yes","yes","yes",33,8,2,5,1,0,0,1,1,0.25,2.5,9,8,2,1,5,1.11111111111111,2.5,1
"loss","away",5,6,-1,5,0,0,"yes","yes","no",40,14,2,4,2,1,1,4,7,0.357142857142857,9,8,11,3,1,2,1.75,0.666666666666667,-8
"win","home",6,5,1,0,6,0,"no","no","yes",34,11,3,2,5,0,1,6,8,0.545454545454545,14,9,14,2,1,4,1.77777777777778,2,-4
"win","away",11,2,9,5,5,1,"yes","yes","yes",45,18,2,5,2,1,1,4,7,0.611111111111111,14.5,9,5,3,0,8,0.888888888888889,2.66666666666667,3
"loss","home",2,11,-9,0,1,1,"no","no","no",31,5,3,8,2,0,0,2,2,0.4,3,9,18,2,1,5,2.22222222222222,2.5,-9
"loss","home",3,5,-2,1,0,2,"no","no","no",37,11,5,5,2,0,0,2,2,0.272727272727273,7.5,9,9,7,0,2,1.77777777777778,0.285714285714286,-10
"win","away",5,3,2,1,0,4,"yes","no","no",32,9,7,2,3,1,0,4,5,0.555555555555556,15,9,11,5,0,5,1.77777777777778,1,-3
"loss","away",3,4,-1,1,2,0,"yes","yes","no",32,7,1,9,0,0,1,1,3,0.428571428571429,0.5,8,14,2,0,6,2,3,0
"win","home",4,3,1,0,3,1,"no","no","no",35,14,2,6,1,0,0,1,1,0.285714285714286,4,9,7,1,1,9,0.888888888888889,9,4
"loss","away",2,3,-1,0,1,1,"no","no","no",32,3,1,6,1,0,0,1,1,0.666666666666667,1,9.33333333333333,9,3,0,8,1.28571428571429,2.66666666666667,2
"win","home",3,2,1,0,1,1,"yes","no","no",34,9,3,8,5,0,0,5,5,0.333333333333333,7,10,3,1,0,6,0.4,6,3
"win","home",7,6,1,4,0,0,"yes","yes","yes",41,9,3,8,0,0,2,2,6,0.777777777777778,8,12,11,4,0,11,1.25,2.75,1
"loss","away",6,7,-1,0,0,4,"no","no","no",44,11,4,11,1,1,0,2,3,0.545454545454545,6.5,11,9,3,2,8,1.09090909090909,2.66666666666667,-4
"loss","home",4,11,-7,2,1,1,"no","no","no",36,10,3,6,2,1,1,4,7,0.4,8,9,15,6,1,9,2.33333333333333,1.5,-9
"win","away",11,4,7,11,0,0,"yes","yes","yes",41,15,6,9,1,1,1,3,6,0.733333333333333,15.5,9,10,3,1,6,1.44444444444444,2,-2
"loss","away",0,1,-1,0,0,0,"no","no","no",30,4,0,8,0,0,0,0,0,0,-4,8,6,1,0,4,0.875,4,2
"win","home",1,0,1,1,0,0,"yes","yes","yes",26,6,1,4,1,0,0,1,1,0.166666666666667,1,9,4,0,0,8,0.444444444444444,8,8
"loss","away",3,4,-1,0,1,1,"no","no","no",41,9,6,9,1,0,0,1,1,0.333333333333333,5.5,10.3333333333333,8,8,0,6,1.54838709677419,0.75,-6
"win","home",4,3,1,1,0,1,"yes","yes","no",32,8,8,6,1,0,0,1,1,0.5,10,11,9,6,0,9,1.36363636363636,1.5,0
"loss","home",2,4,-2,0,2,0,"no","no","no",33,7,4,10,0,0,1,1,3,0.285714285714286,2,9,7,2,2,7,1,3.5,-1
"win","away",4,2,2,1,2,1,"yes","yes","yes",31,7,2,7,1,0,2,3,7,0.571428571428571,5.5,9,7,4,1,10,1.22222222222222,2.5,3
"loss","away",3,5,-2,3,0,0,"yes","yes","no",34,9,3,5,1,0,0,1,1,0.333333333333333,4.5,8,8,5,0,7,1.625,1.4,-3
"win","home",5,3,2,2,3,0,"no","no","yes",29,8,5,7,1,0,0,1,1,0.625,7.5,9,9,3,0,5,1.33333333333333,1.66666666666667,-1
"loss","away",1,2,-1,0,0,1,"no","no","no",31,5,5,9,0,0,0,0,0,0.2,1.5,8,9,1,0,7,1.25,7,4
"win","home",2,1,1,0,2,0,"yes","no","yes",33,9,1,7,1,0,0,1,1,0.222222222222222,0.5,9,5,5,0,9,1.11111111111111,1.8,3
"loss","home",2,10,-8,1,1,0,"yes","yes","no",34,9,2,11,0,0,0,0,0,0.222222222222222,-1.5,9,15,2,2,9,1.88888888888889,4.5,-5
"win","away",10,2,8,0,6,4,"no","no","yes",42,15,2,9,5,0,2,7,11,0.666666666666667,14.5,9,9,2,0,11,1.22222222222222,5.5,7
"win","away",4,2,2,2,2,0,"no","yes","yes",33,8,6,8,0,0,0,0,0,0.5,6,9,9,3,1,5,1.33333333333333,1.66666666666667,-1
"loss","home",2,4,-2,1,1,0,"no","no","no",32,9,3,5,1,1,1,3,6,0.222222222222222,5.5,9,8,6,0,8,1.55555555555556,1.33333333333333,-2
"loss","home",6,17,-11,0,1,5,"yes","no","no",41,15,5,10,1,0,0,1,1,0.4,7,9,15,2,1,8,1.88888888888889,4,-12
"win","away",17,6,11,0,9,8,"no","no","yes",43,15,2,8,4,1,1,6,9,1.13333333333333,21,9,15,5,0,10,2.22222222222222,2,-1
"loss","away",4,10,-6,2,0,2,"no","no","no",34,7,7,8,2,0,0,2,2,0.571428571428571,9,8,15,6,0,1,2.625,0.166666666666667,-15
"win","home",10,4,6,5,5,0,"yes","yes","yes",37,15,6,1,1,0,0,1,1,0.666666666666667,16.5,9,7,7,0,8,1.55555555555556,1.14285714285714,-3
"loss","away",1,2,-1,0,1,0,"yes","no","yes",31,5,2,7,1,0,0,1,1,0.2,0.5,8,8,2,0,10,1.25,5,6
"win","home",2,1,1,0,0,2,"no","no","no",32,8,2,10,2,0,0,2,2,0.25,1,9,5,2,0,7,0.777777777777778,3.5,4
"loss","home",1,4,-3,0,1,0,"no","no","no",30,5,5,5,2,0,0,2,2,0.2,5.5,9,11,3,0,7,1.55555555555556,2.33333333333333,0
"win","away",4,1,3,0,1,3,"no","no","no",37,11,3,7,2,0,0,2,2,0.363636363636364,5.5,9,5,5,0,5,1.11111111111111,1,-1
"win","away",5,1,4,2,0,3,"no","yes","yes",34,8,4,4,0,0,0,0,0,0.625,7,9,5,0,0,5,0.555555555555556,5,4
"loss","home",1,5,-4,1,0,0,"yes","no","no",31,5,0,5,1,0,0,1,1,0.2,-0.5,9,8,4,0,4,1.33333333333333,1,-5
"loss","home",0,1,-1,0,0,0,"no","no","no",28,3,4,9,1,0,0,1,1,0,0.5,9,8,1,1,4,1,4,1
"win","away",1,0,1,1,0,0,"yes","yes","yes",31,8,1,4,3,0,1,4,6,0.125,4,9,3,4,0,9,0.777777777777778,2.25,5
"loss","away",3,9,-6,0,0,3,"no","no","no",36,9,0,10,2,0,0,2,2,0.333333333333333,0,8,15,5,0,8,2.5,1.6,-6
"win","home",9,3,6,7,2,0,"yes","yes","yes",40,15,5,8,3,1,0,4,5,0.6,14,9,9,0,0,10,1,10,7
"loss","away",2,3,-1,0,2,0,"no","no","yes",29,4,4,9,0,0,0,0,0,0.5,1.5,8,7,0,0,3,0.875,3,0
"win","home",3,2,1,0,1,2,"yes","no","no",31,7,0,3,1,0,0,1,1,0.428571428571429,2.5,9,4,4,0,9,0.888888888888889,2.25,3
"win","home",5,4,1,1,2,2,"no","no","no",32,8,4,13,4,0,1,5,7,0.625,7.5,9,6,5,0,9,1.22222222222222,1.8,0
"loss","away",4,5,-1,2,2,0,"no","yes","yes",30,6,5,9,0,0,0,0,0,0.666666666666667,4.5,8,8,4,1,13,1.5,3.25,3
"win","away",3,0,3,3,0,0,"yes","yes","yes",30,6,2,6,1,0,1,2,4,0.5,4,9,3,1,0,12,0.444444444444444,12,11
"loss","home",0,3,-3,0,0,0,"no","no","no",30,3,1,12,1,0,0,1,1,0,-4,9,6,2,1,6,0.888888888888889,3,0
"loss","away",0,7,-7,0,0,0,"no","no","no",35,9,5,11,0,0,0,0,0,0,-0.5,8,10,3,1,1,1.625,0.333333333333333,-10
"win","home",7,0,7,4,3,0,"yes","yes","yes",33,10,3,1,1,0,1,2,4,0.7,11.5,9,9,5,0,11,1.55555555555556,2.2,6
"win","home",8,7,1,3,1,1,"no","no","no",42,13,3,5,1,0,3,4,10,0.615384615384615,12.5,11,8,4,0,12,1.09090909090909,3,1
"loss","away",7,8,-1,4,0,1,"no","yes","no",37,8,4,12,5,0,0,5,5,0.875,10,10.6666666666667,13,3,3,5,1.5,1.66666666666667,-9
"loss","away",3,5,-2,3,0,0,"yes","yes","no",33,7,4,5,0,0,0,0,0,0.428571428571429,4.5,8,13,4,0,8,2.125,2,-1
"win","home",5,3,2,1,3,1,"no","no","yes",36,13,4,8,4,0,0,4,4,0.384615384615385,9,9,7,4,0,5,1.22222222222222,1.25,-2
"loss","home",0,1,-1,0,0,0,"no","no","no",32,6,2,12,0,0,0,0,0,0,-4,10,6,1,0,7,0.7,7,5
"win","away",1,0,1,0,0,0,"yes","no","no",35,6,1,7,0,0,0,0,0,0.166666666666667,-1.5,10,6,2,0,12,0.8,6,10
"loss","away",3,4,-1,0,3,0,"yes","no","no",33,8,4,8,2,1,0,3,4,0.375,6,8,6,3,1,8,1.125,2.66666666666667,0
"win","home",4,3,1,0,4,0,"no","no","yes",29,6,3,8,0,1,1,2,5,0.666666666666667,5,9,8,4,0,8,1.33333333333333,2,1
"loss","home",5,13,-8,1,2,2,"no","no","no",34,8,4,7,2,0,1,3,5,0.625,8.5,9,17,4,0,4,2.33333333333333,1,-13
"win","away",13,5,8,6,0,7,"no","yes","yes",42,17,4,4,5,2,0,7,9,0.764705882352941,22,9,8,4,1,7,1.33333333333333,1.75,-3
"win","home",4,0,4,2,0,2,"yes","yes","yes",29,8,7,0,2,0,0,2,2,0.5,13,9,4,3,0,5,0.777777777777778,1.66666666666667,2
"loss","away",0,4,-4,0,0,0,"no","no","no",30,4,3,5,1,0,0,1,1,0,1.5,8,8,7,0,0,1.875,0,-11
"loss","home",0,8,-8,0,0,0,"no","no","no",32,6,4,14,0,0,0,0,0,0,-3,9,12,4,0,6,1.77777777777778,1.5,-6
"win","away",8,0,8,3,1,4,"yes","yes","yes",35,12,4,6,0,1,0,1,2,0.666666666666667,10,9,6,4,0,14,1.11111111111111,3.5,10
"loss","home",2,10,-8,0,0,2,"no","no","no",35,8,3,8,1,2,0,3,5,0.25,4,9,16,4,0,7,2.22222222222222,1.75,-7
"win","away",10,2,8,2,3,5,"yes","yes","yes",42,16,4,7,5,0,0,5,5,0.625,15.5,9,8,3,0,8,1.22222222222222,2.66666666666667,3
"loss","home",3,5,-2,0,2,1,"no","no","no",35,8,4,6,2,1,1,4,7,0.375,8,9,13,2,0,2,1.66666666666667,1,-5
"win","away",5,3,2,0,2,3,"no","no","no",38,13,2,2,4,1,0,5,6,0.384615384615385,11,9,8,4,1,6,1.33333333333333,1.5,-2
"win","away",6,3,3,3,3,0,"yes","yes","yes",37,11,6,9,3,0,0,3,3,0.545454545454545,10.5,9,7,3,0,4,1.11111111111111,1.33333333333333,-2
"loss","home",3,6,-3,0,2,1,"no","no","no",34,7,3,4,3,0,0,3,3,0.428571428571429,7,9,11,6,0,9,1.88888888888889,1.5,-3
"win","home",5,3,2,2,3,0,"no","no","yes",32,10,2,6,0,2,1,3,7,0.5,7,9,11,4,1,10,1.66666666666667,2.5,2
"loss","away",3,5,-2,2,0,1,"no","no","no",34,11,4,10,1,0,1,2,4,0.272727272727273,4,8,10,2,1,6,1.5,3,-2
"win","home",5,1,4,2,0,3,"yes","yes","yes",31,8,3,5,2,1,0,3,4,0.625,8.5,9,3,1,1,8,0.444444444444444,8,5
"loss","away",1,5,-4,0,0,1,"no","no","no",31,3,1,8,1,0,1,2,4,0.333333333333333,0,8,8,3,0,5,1.375,1.66666666666667,-3
"loss","away",0,3,-3,0,0,0,"no","no","no",32,7,3,8,0,0,0,0,0,0,-1,8,8,0,0,8,1,8,5
"win","home",3,0,3,1,2,0,"yes","yes","yes",31,8,0,8,0,0,0,0,0,0.375,-1,9,7,3,0,8,1.11111111111111,2.66666666666667,5
"loss","home",4,9,-5,1,1,2,"no","no","no",37,8,3,7,0,1,1,2,5,0.5,5.5,10,13,4,0,9,1.7,2.25,-4
"win","away",9,4,5,2,0,2,"no","yes","no",41,13,4,9,0,1,0,1,2,0.692307692307692,9.5,10,8,3,1,7,1.1,2.33333333333333,-1
"loss","home",1,2,-1,0,1,0,"no","no","no",28,5,2,9,0,0,0,0,0,0.2,-1.5,9,7,5,0,8,1.33333333333333,1.6,1
"win","away",2,1,1,0,2,0,"yes","no","yes",29,7,5,8,1,0,0,1,1,0.285714285714286,4,9,5,2,0,9,0.777777777777778,4.5,6
"win","home",4,3,1,0,1,1,"yes","no","no",35,9,4,14,3,0,0,3,3,0.444444444444444,4,10,8,5,1,3,1.3,0.6,-6
"loss","away",3,4,-1,0,1,1,"no","no","no",32,8,5,3,0,0,1,1,3,0.375,7.5,9.66666666666667,9,4,0,14,1.3448275862069,3.5,6
"loss","away",2,3,-1,2,0,0,"yes","yes","no",34,6,3,13,0,0,0,0,0,0.333333333333333,-1.5,9,13,0,0,6,1.44444444444444,6,3
"win","home",3,2,1,1,1,0,"no","no","no",38,13,0,6,1,0,0,1,1,0.230769230769231,1,10,6,3,0,13,0.9,4.33333333333333,8
"win","home",5,2,3,1,2,2,"yes","yes","yes",34,11,1,3,4,0,0,4,4,0.454545454545455,8.5,9,11,0,0,5,1.22222222222222,5,3
"loss","away",2,5,-3,0,2,0,"no","no","no",37,11,0,5,0,0,0,0,0,0.181818181818182,-0.5,8,11,1,0,3,1.5,3,-3
"win","home",9,2,7,6,0,3,"yes","yes","yes",37,15,2,5,4,0,1,5,7,0.6,13.5,9,11,3,0,13,1.55555555555556,4.33333333333333,8
"loss","away",2,9,-7,0,2,0,"no","no","no",37,11,3,13,2,0,0,2,2,0.181818181818182,0.5,8,15,2,1,5,2.125,2.5,-7
"loss","away",1,5,-4,1,0,0,"yes","no","no",35,9,3,7,1,0,0,1,1,0.111111111111111,1.5,8,11,2,1,1,1.625,0.5,-7
"win","home",5,1,4,2,2,1,"no","yes","yes",32,11,2,1,1,0,1,2,4,0.454545454545455,8.5,9,9,3,0,7,1.33333333333333,2.33333333333333,3
"loss","home",2,5,-3,1,1,0,"yes","yes","yes",34,8,3,7,2,0,0,2,2,0.25,3.5,9,13,4,0,8,1.88888888888889,2,-1
"win","away",5,2,3,0,1,4,"no","no","no",37,13,4,8,2,0,0,2,2,0.384615384615385,7,9,8,3,0,7,1.22222222222222,2.33333333333333,2
"win","away",5,0,5,2,1,2,"yes","yes","yes",38,12,2,5,3,0,1,4,6,0.416666666666667,8.5,9,8,1,0,11,1,11,10
"loss","home",0,5,-5,0,0,0,"no","no","no",35,8,1,11,1,0,0,1,1,0,-3.5,9,12,2,1,5,1.55555555555556,2.5,-3
"win","away",3,0,3,0,1,2,"yes","no","yes",32,5,6,10,0,0,2,2,6,0.6,6,9,4,1,0,8,0.555555555555556,8,7
"loss","home",0,3,-3,0,0,0,"no","no","no",30,4,1,8,1,0,0,1,1,0,-2,9,5,6,2,10,1.22222222222222,1.66666666666667,-1
"win","home",8,4,4,3,5,0,"no","yes","yes",31,11,4,7,3,1,0,4,5,0.727272727272727,12.5,9,15,4,0,6,2.11111111111111,1.5,-2
"loss","away",4,8,-4,1,1,2,"yes","no","no",41,15,4,6,0,0,0,0,0,0.266666666666667,5,8,11,4,0,7,1.875,1.75,-5
"win","home",8,1,7,0,1,7,"no","no","no",31,10,3,3,1,0,1,2,4,0.8,11.5,9,5,5,1,7,1.11111111111111,1.4,0
"loss","away",1,8,-7,0,1,0,"yes","no","no",29,5,5,7,0,0,1,1,3,0.2,3.5,8,10,3,1,3,1.625,1,-9
