"batter_name","primary_batter_hand","pa","hit_rate","walk_rate","strikeout_rate","extra_base_hit_rate","home_run_rate","scoring_pa_rate","avg_delta_run_expectancy","median_delta_run_expectancy","strong_positive_rate","positive_rate","negative_rate","sample_size_tier","contact_score","power_score","discipline_score","risk_score","run_value_score","batter_primary_type"
"邱智呈","L",535,0.271028037383178,0.11214953271028,0.173831775700935,0.0579439252336449,0.00747663551401869,0.091588785046729,0.0624154241443245,-0.149426188385802,0.0803738317757009,0.411214953271028,0.514018691588785,"regular_sample",0.744186046511628,0.683139534883721,0.732558139534884,0.247093023255814,0.938953488372093,"productive_hitter"
"陳晨威","L",532,0.268796992481203,0.0620300751879699,0.120300751879699,0.0733082706766917,0.018796992481203,0.0827067669172932,0.0292924621154089,-0.154223610339914,0.0883458646616541,0.340225563909774,0.593984962406015,"regular_sample",0.863372093023256,0.854651162790698,0.683139534883721,0.343023255813953,0.776162790697674,"power_hitter"
"曾子祐","R",524,0.234732824427481,0.0935114503816794,0.103053435114504,0.0343511450381679,0.00763358778625954,0.0572519083969466,-0.00666350399186207,-0.154223610339914,0.049618320610687,0.347328244274809,0.568702290076336,"regular_sample",0.781976744186047,0.526162790697674,0.845930232558139,0.238372093023256,0.718023255813953,"patient_hitter"
"吉力吉撈．鞏冠","R",513,0.247563352826511,0.0799220272904483,0.181286549707602,0.0857699805068226,0.0448343079922027,0.115009746588694,0.0448265697607122,-0.154223610339914,0.0974658869395711,0.341130604288499,0.580896686159844,"regular_sample",0.659883720930233,0.950581395348837,0.630813953488372,0.438953488372093,0.799418604651163,"power_hitter"
"岳政華","L",512,0.205078125,0.091796875,0.16796875,0.046875,0.009765625,0.05078125,-0.00569969003875048,-0.154223610339914,0.0546875,0.32421875,0.58203125,"regular_sample",0.563953488372093,0.636627906976744,0.700581395348837,0.412790697674419,0.648255813953488,"balanced_hitter"
"李凱威","L",499,0.270541082164329,0.108216432865731,0.108216432865731,0.0360721442885772,0.00400801603206413,0.0661322645290581,0.0288357129020567,-0.0790490341753343,0.0480961923847695,0.392785571142285,0.480961923847695,"regular_sample",0.883720930232558,0.488372093023256,0.872093023255814,0.0813953488372093,0.857558139534884,"patient_hitter"
"魔鷹","L",494,0.257085020242915,0.103238866396761,0.202429149797571,0.11336032388664,0.0607287449392713,0.147773279352227,0.0808649808517441,-0.154223610339914,0.12753036437247,0.346153846153846,0.52834008097166,"regular_sample",0.627906976744186,0.994186046511628,0.633720930232558,0.34593023255814,0.863372093023256,"power_hitter"
"王柏融","L",481,0.234927234927235,0.126819126819127,0.178794178794179,0.0686070686070686,0.0124740124740125,0.106029106029106,0.0508420729310623,-0.0790490341753343,0.0977130977130977,0.378378378378378,0.488565488565489,"regular_sample",0.625,0.773255813953488,0.755813953488372,0.23546511627907,0.886627906976744,"power_hitter"
"林安可","L",480,0.21875,0.125,0.208333333333333,0.0875,0.0416666666666667,0.141666666666667,0.0601732385808332,-0.154223610339914,0.120833333333333,0.358333333333333,0.572916666666667,"regular_sample",0.465116279069767,0.953488372093023,0.656976744186047,0.502906976744186,0.877906976744186,"power_hitter"
"劉基鴻","R",477,0.222222222222222,0.0670859538784067,0.192872117400419,0.0691823899371069,0.0188679245283019,0.0943396226415094,-0.00742135559778789,-0.154223610339914,0.0838574423480084,0.29769392033543,0.570230607966457,"regular_sample",0.542151162790698,0.837209302325581,0.540697674418605,0.444767441860465,0.534883720930233,"power_hitter"
"陳傑憲","L",473,0.283298097251586,0.118393234672304,0.105708245243129,0.0465116279069767,0.00422832980972516,0.109936575052854,0.0614735760954668,-0.0790490341753343,0.0951374207188161,0.420718816067653,0.488372093023256,"regular_sample",0.906976744186047,0.556686046511628,0.880813953488372,0.0813953488372093,0.941860465116279,"patient_hitter"
"陳文杰","L",466,0.229613733905579,0.0772532188841202,0.143776824034335,0.0729613733905579,0.00858369098712446,0.0772532188841202,0.0159346403269284,-0.154223610339914,0.0772532188841202,0.317596566523605,0.579399141630901,"regular_sample",0.688953488372093,0.761627906976744,0.694767441860465,0.354651162790698,0.665697674418605,"power_hitter"
"申皓瑋","R",455,0.226373626373626,0.0571428571428571,0.171428571428571,0.0637362637362637,0.0197802197802198,0.10989010989011,-0.0138560709451222,-0.154223610339914,0.0857142857142857,0.30989010989011,0.573626373626374,"regular_sample",0.622093023255814,0.822674418604651,0.545058139534884,0.401162790697674,0.563953488372093,"power_hitter"
"朱育賢","L",445,0.267415730337079,0.0539325842696629,0.18876404494382,0.0629213483146067,0.0269662921348315,0.107865168539326,0.0274564808121757,-0.154223610339914,0.101123595505618,0.339325842696629,0.566292134831461,"regular_sample",0.691860465116279,0.845930232558139,0.465116279069767,0.415697674418605,0.758720930232558,"power_hitter"
"岳東華","L",443,0.169300225733634,0.142212189616253,0.18510158013544,0.0474040632054176,0.018058690744921,0.0744920993227991,-0.00639496879527473,-0.154223610339914,0.0632054176072235,0.316027088036117,0.586907449209932,"regular_sample",0.418604651162791,0.709302325581395,0.73546511627907,0.48546511627907,0.613372093023256,"balanced_hitter"
"郭天信","L",432,0.25,0.0509259259259259,0.0740740740740741,0.0625,0.00231481481481481,0.0578703703703704,-0.0201267802558724,-0.154223610339914,0.0509259259259259,0.319444444444444,0.606481481481482,"regular_sample",0.864825581395349,0.633720930232558,0.665697674418605,0.343023255813953,0.563953488372093,"contact_hitter"
"曾頌恩","R",428,0.27803738317757,0.0560747663551402,0.14018691588785,0.0794392523364486,0.0233644859813084,0.102803738317757,0.028296699964867,-0.154223610339914,0.0911214953271028,0.352803738317757,0.551401869158878,"regular_sample",0.837209302325581,0.909883720930233,0.604651162790698,0.255813953488372,0.805232558139535,"power_hitter"
"李宗賢","R",427,0.241217798594848,0.0585480093676815,0.126463700234192,0.0585480093676815,0.00234192037470726,0.0655737704918033,-0.0355560580223997,-0.154223610339914,0.0562060889929742,0.318501170960187,0.613583138173302,"regular_sample",0.770348837209302,0.622093023255814,0.662790697674419,0.427325581395349,0.511627906976744,"contact_hitter"
"梁家榮","L",413,0.239709443099274,0.0653753026634383,0.145278450363196,0.0484261501210654,0.00726392251815981,0.0847457627118644,-0.0189147500354766,-0.154223610339914,0.0532687651331719,0.338983050847458,0.532687651331719,"regular_sample",0.703488372093023,0.613372093023256,0.63953488372093,0.215116279069767,0.63953488372093,"balanced_hitter"
"馬傑森","R",413,0.210653753026634,0.036319612590799,0.11864406779661,0.0411622276029056,0,0.0799031476997579,-0.0543151764060986,-0.154223610339914,0.0605326876513317,0.276029055690073,0.60774818401937,"regular_sample",0.688953488372093,0.363372093023256,0.563953488372093,0.395348837209302,0.343023255813953,"balanced_hitter"
"王博玄","L",410,0.258536585365854,0.0536585365853659,0.170731707317073,0.0487804878048781,0.0024390243902439,0.0829268292682927,0.00330150464304019,-0.154223610339914,0.075609756097561,0.334146341463415,0.573170731707317,"regular_sample",0.726744186046512,0.561046511627907,0.51453488372093,0.395348837209302,0.706395348837209,"balanced_hitter"
"陳重廷","R",403,0.220843672456576,0.0620347394540943,0.13151364764268,0.0347394540942928,0.00496277915632754,0.0918114143920596,-0.0357126148747493,-0.154223610339914,0.0794044665012407,0.30272952853598,0.610421836228288,"regular_sample",0.677325581395349,0.488372093023256,0.659883720930233,0.438953488372093,0.453488372093023,"balanced_hitter"
"許基宏","L",389,0.25706940874036,0.0848329048843188,0.187660668380463,0.0745501285347044,0.0231362467866324,0.136246786632391,0.0510443110945747,-0.149426188385802,0.105398457583548,0.370179948586118,0.516709511568123,"regular_sample",0.665697674418605,0.880813953488372,0.622093023255814,0.290697674418605,0.880813953488372,"power_hitter"
"潘傑楷","L",389,0.241645244215938,0.123393316195373,0.159383033419023,0.0462724935732648,0.012853470437018,0.102827763496144,0.0209190491932857,-0.154223610339914,0.0668380462724936,0.377892030848329,0.521850899742931,"regular_sample",0.694767441860465,0.645348837209302,0.787790697674419,0.22093023255814,0.819767441860465,"patient_hitter"
"董子恩","R",387,0.250645994832041,0.041343669250646,0.0465116279069767,0.0361757105943152,0.00258397932816537,0.0749354005167959,-0.0229887437913102,-0.154223610339914,0.0645994832041344,0.343669250645995,0.565891472868217,"regular_sample",0.880813953488372,0.476744186046512,0.63953488372093,0.183139534883721,0.636627906976744,"contact_hitter"
"陳俊秀","R",382,0.243455497382199,0.120418848167539,0.212041884816754,0.0706806282722513,0.0183246073298429,0.112565445026178,0.0511185918843811,-0.154223610339914,0.109947643979058,0.379581151832461,0.526178010471204,"regular_sample",0.552325581395349,0.840116279069767,0.633720930232558,0.375,0.895348837209302,"power_hitter"
"林泓育","R",378,0.272486772486772,0.0661375661375661,0.134920634920635,0.0714285714285714,0.0238095238095238,0.134920634920635,0.0505883574473156,-0.154223610339914,0.103174603174603,0.378306878306878,0.542328042328042,"regular_sample",0.837209302325581,0.872093023255814,0.674418604651163,0.218023255813953,0.880813953488372,"power_hitter"
"林立","R",374,0.318181818181818,0.0748663101604278,0.152406417112299,0.053475935828877,0.0133689839572193,0.0748663101604278,0.0422368813375992,-0.154223610339914,0.0695187165775401,0.406417112299465,0.532085561497326,"regular_sample",0.840116279069767,0.715116279069767,0.674418604651163,0.22093023255814,0.886627906976744,"productive_hitter"
"江坤宇","R",374,0.240641711229947,0.0775401069518717,0.0828877005347594,0.0481283422459893,0.0053475935828877,0.109625668449198,0.0114625653382441,-0.154223610339914,0.0882352941176471,0.339572192513369,0.572192513368984,"regular_sample",0.822674418604651,0.581395348837209,0.805232558139535,0.223837209302326,0.732558139534884,"patient_hitter"
"王正棠","L",356,0.294943820224719,0.0533707865168539,0.0926966292134832,0.0758426966292135,0.0168539325842697,0.101123595505618,0.0286118452336675,-0.13304002359974,0.0898876404494382,0.384831460674157,0.508426966292135,"regular_sample",0.941860465116279,0.851744186046512,0.665697674418605,0.0784883720930233,0.848837209302326,"power_hitter"
"杜家明","R",350,0.222857142857143,0.0857142857142857,0.122857142857143,0.0428571428571429,0.00571428571428571,0.0714285714285714,-0.0168063904885138,-0.154223610339914,0.0742857142857143,0.322857142857143,0.568571428571429,"regular_sample",0.718023255813953,0.549418604651163,0.784883720930233,0.267441860465116,0.598837209302326,"patient_hitter"
"陳子豪","L",345,0.240579710144928,0.107246376811594,0.211594202898551,0.107246376811594,0.0492753623188406,0.12463768115942,0.0751115017504988,-0.154223610339914,0.130434782608696,0.347826086956522,0.56231884057971,"regular_sample",0.540697674418605,0.98546511627907,0.616279069767442,0.465116279069767,0.870639534883721,"power_hitter"
"張肇元","R",336,0.226190476190476,0.0982142857142857,0.1875,0.0476190476190476,0.00892857142857143,0.0863095238095238,0.0215406137272523,-0.154223610339914,0.0863095238095238,0.351190476190476,0.5625,"regular_sample",0.575581395348837,0.630813953488372,0.665697674418605,0.398255813953488,0.793604651162791,"productive_hitter"
"高宇杰","R",330,0.224242424242424,0.0818181818181818,0.166666666666667,0.0484848484848485,0.00909090909090909,0.0878787878787879,-0.0112731011715895,-0.154223610339914,0.0787878787878788,0.333333333333333,0.566666666666667,"regular_sample",0.630813953488372,0.642441860465116,0.674418604651163,0.354651162790698,0.654069767441861,"balanced_hitter"
"戴培峰","L",324,0.246913580246914,0.0740740740740741,0.141975308641975,0.037037037037037,0.00308641975308642,0.0648148148148148,-0.0084179980277289,-0.154223610339914,0.0679012345679012,0.330246913580247,0.549382716049383,"regular_sample",0.741279069767442,0.482558139534884,0.691860465116279,0.247093023255814,0.651162790697674,"balanced_hitter"
"范國宸","R",323,0.201238390092879,0.086687306501548,0.151702786377709,0.0402476780185759,0.00309597523219814,0.0773993808049536,-0.0121864951776408,-0.154223610339914,0.0743034055727554,0.294117647058824,0.603715170278638,"regular_sample",0.578488372093023,0.505813953488372,0.726744186046512,0.462209302325581,0.513081395348837,"balanced_hitter"
"林佳緯","L",305,0.222950819672131,0.0885245901639344,0.216393442622951,0.0491803278688525,0.00983606557377049,0.0721311475409836,0.00695883266464525,-0.154223610339914,0.0754098360655738,0.331147540983607,0.583606557377049,"regular_sample",0.48546511627907,0.659883720930233,0.561046511627907,0.555232558139535,0.691860465116279,"balanced_hitter"
"王威晨","L",302,0.264900662251656,0.0860927152317881,0.0860927152317881,0.076158940397351,0.00993377483443709,0.0894039735099338,0.0270062025728666,-0.154223610339914,0.0860927152317881,0.354304635761589,0.543046357615894,"regular_sample",0.901162790697674,0.805232558139535,0.840116279069767,0.136627906976744,0.802325581395349,"power_hitter"
"廖健富","L",291,0.264604810996564,0.0859106529209622,0.130584192439863,0.0721649484536082,0.0171821305841924,0.103092783505155,0.0316631913235537,-0.154223610339914,0.0927835051546392,0.36426116838488,0.536082474226804,"regular_sample",0.831395348837209,0.834302325581395,0.770348837209302,0.180232558139535,0.831395348837209,"power_hitter"
"詹子賢","R",290,0.224137931034483,0.1,0.203448275862069,0.0551724137931034,0.00344827586206897,0.0827586206896552,-0.0189220424517402,-0.154223610339914,0.0758620689655172,0.337931034482759,0.572413793103448,"regular_sample",0.520348837209302,0.613372093023256,0.622093023255814,0.48546511627907,0.633720930232558,"balanced_hitter"
"郭嚴文","L",277,0.274368231046931,0.0288808664259928,0.122743682310469,0.0866425992779783,0.0144404332129964,0.104693140794224,0.0169870626316095,-0.154223610339914,0.0902527075812274,0.324909747292419,0.541516245487365,"regular_sample",0.880813953488372,0.869186046511628,0.537790697674419,0.174418604651163,0.703488372093023,"power_hitter"
"陳重羽","R",274,0.240875912408759,0.0510948905109489,0.204379562043796,0.0583941605839416,0.0072992700729927,0.0656934306569343,-0.00421477736135948,-0.154223610339914,0.0766423357664234,0.317518248175182,0.583941605839416,"regular_sample",0.563953488372093,0.683139534883721,0.401162790697674,0.531976744186047,0.633720930232558,"balanced_hitter"
"陳鏞基","R",259,0.27027027027027,0.0926640926640927,0.115830115830116,0.0733590733590734,0.0193050193050193,0.11969111969112,0.0477210026381693,-0.154223610339914,0.115830115830116,0.366795366795367,0.528957528957529,"regular_sample",0.875,0.863372093023256,0.825581395348837,0.133720930232558,0.863372093023256,"power_hitter"
"許哲晏","R",257,0.202334630350195,0.0700389105058366,0.178988326848249,0.0505836575875486,0.00389105058365759,0.0739299610894942,-0.0619419725440033,-0.196099674972914,0.0583657587548638,0.299610894941634,0.626459143968872,"regular_sample",0.523255813953488,0.598837209302326,0.593023255813953,0.566860465116279,0.372093023255814,"balanced_hitter"
"蔣少宏","R",251,0.223107569721116,0.0637450199203187,0.139442231075697,0.0637450199203187,0.0119521912350598,0.0796812749003984,-0.0389013081068872,-0.196099674972914,0.0677290836653386,0.310756972111554,0.633466135458167,"regular_sample",0.683139534883721,0.752906976744186,0.651162790697674,0.48546511627907,0.476744186046512,"power_hitter"
"高國麟","R",249,0.200803212851406,0.104417670682731,0.196787148594378,0.0682730923694779,0.00803212851405622,0.0843373493975904,-0.0125083666355023,-0.154223610339914,0.0843373493975904,0.34136546184739,0.578313253012048,"regular_sample",0.459302325581395,0.731104651162791,0.654069767441861,0.479651162790698,0.677325581395349,"balanced_hitter"
"張政禹","L",249,0.220883534136546,0.0562248995983936,0.172690763052209,0.0602409638554217,0.00803212851405622,0.0883534136546185,-0.0125913277485226,-0.154223610339914,0.0803212851405622,0.281124497991968,0.602409638554217,"regular_sample",0.584302325581395,0.707848837209302,0.534883720930233,0.502906976744186,0.488372093023256,"balanced_hitter"
"藍寅倫","L",238,0.247899159663866,0.0378151260504202,0.189075630252101,0.046218487394958,0.0126050420168067,0.0966386554621849,-0.0314846245445455,-0.154223610339914,0.0798319327731092,0.315126050420168,0.579831932773109,"regular_sample",0.630813953488372,0.63953488372093,0.392441860465116,0.468023255813953,0.511627906976744,"balanced_hitter"
"池恩齊","L",235,0.251063829787234,0.0765957446808511,0.208510638297872,0.0425531914893617,0.00425531914893617,0.0340425531914894,-0.00984070274661571,-0.154223610339914,0.0382978723404255,0.34468085106383,0.54468085106383,"regular_sample",0.595930232558139,0.531976744186047,0.523255813953488,0.415697674418605,0.694767441860465,"balanced_hitter"
"張祐銘","L",222,0.220720720720721,0.0720720720720721,0.135135135135135,0.027027027027027,0,0.0720720720720721,-0.0312263868572301,-0.154223610339914,0.0585585585585586,0.324324324324324,0.558558558558559,"regular_sample",0.654069767441861,0.296511627906977,0.694767441860465,0.267441860465116,0.550872093023256,"balanced_hitter"
"林承飛","R",220,0.204545454545455,0.0454545454545455,0.268181818181818,0.0772727272727273,0.0272727272727273,0.104545454545455,-0.0116917622529262,-0.154223610339914,0.0863636363636364,0.254545454545455,0.645454545454546,"regular_sample",0.351744186046512,0.921511627906977,0.270348837209302,0.784883720930233,0.450581395348837,"power_hitter"
"蘇智傑","L",209,0.263157894736842,0.0717703349282297,0.181818181818182,0.0382775119617225,0.00956937799043062,0.0956937799043062,0.00863031606421846,-0.154223610339914,0.0909090909090909,0.330143540669856,0.588516746411483,"regular_sample",0.703488372093023,0.569767441860465,0.590116279069767,0.476744186046512,0.688953488372093,"balanced_hitter"
"林孝程","L",208,0.216346153846154,0.0576923076923077,0.192307692307692,0.0384615384615385,0,0.0769230769230769,-0.00634866683742469,-0.154223610339914,0.0576923076923077,0.322115384615385,0.576923076923077,"regular_sample",0.51453488372093,0.347383720930233,0.497093023255814,0.462209302325581,0.63953488372093,"balanced_hitter"
"張志豪","L",201,0.18407960199005,0.119402985074627,0.313432835820896,0.0895522388059701,0.0447761194029851,0.114427860696517,0.0349581443209165,-0.154223610339914,0.109452736318408,0.308457711442786,0.567164179104478,"regular_sample",0.223837209302326,0.962209302325581,0.494186046511628,0.630813953488372,0.677325581395349,"power_hitter"
"拿莫．伊漾","R",198,0.181818181818182,0.0656565656565657,0.323232323232323,0.0555555555555556,0.0252525252525253,0.0858585858585859,-0.0454220291247084,-0.154223610339914,0.0707070707070707,0.257575757575758,0.606060606060606,"medium_sample",0.209302325581395,0.809593023255814,0.325581395348837,0.776162790697674,0.337209302325581,"power_hitter"
"林政華","L",193,0.202072538860104,0.0673575129533679,0.145077720207254,0.0466321243523316,0,0.0673575129533679,-0.0440976990498759,-0.154223610339914,0.0569948186528497,0.274611398963731,0.595854922279793,"medium_sample",0.590116279069767,0.401162790697674,0.656976744186047,0.412790697674419,0.369186046511628,"balanced_hitter"
"林子偉","L",190,0.168421052631579,0.0894736842105263,0.194736842105263,0.0578947368421053,0.0210526315789474,0.0631578947368421,-0.0295927644229653,-0.154223610339914,0.068421052631579,0.268421052631579,0.636842105263158,"medium_sample",0.395348837209302,0.799418604651163,0.627906976744186,0.633720930232558,0.406976744186047,"power_hitter"
"張育成","R",183,0.202185792349727,0.218579234972678,0.218579234972678,0.087431693989071,0.0546448087431694,0.103825136612022,0.133279716638294,-0.0790490341753343,0.087431693989071,0.420765027322404,0.39344262295082,"medium_sample",0.409883720930233,0.962209302325581,0.677325581395349,0.316860465116279,0.973837209302326,"power_hitter"
"陳聖平","L",182,0.241758241758242,0.0549450549450549,0.153846153846154,0.0384615384615385,0.00549450549450549,0.0384615384615385,-0.0454437695471723,-0.154223610339914,0.0549450549450549,0.307692307692308,0.549450549450549,"medium_sample",0.707848837209302,0.518895348837209,0.559593023255814,0.274709302325581,0.446220930232558,"balanced_hitter"
"張祐嘉","L",181,0.204419889502762,0.0552486187845304,0.204419889502762,0.0552486187845304,0.0165745856353591,0.0773480662983425,-0.0172462184193161,-0.154223610339914,0.0552486187845304,0.298342541436464,0.585635359116022,"medium_sample",0.450581395348837,0.752906976744186,0.424418604651163,0.540697674418605,0.505813953488372,"power_hitter"
"林哲瑄","R",174,0.160919540229885,0.137931034482759,0.195402298850575,0.0114942528735632,0.00574712643678161,0.0919540229885057,-0.0261807910093495,-0.154223610339914,0.0689655172413793,0.304597701149425,0.557471264367816,"medium_sample",0.377906976744186,0.447674418604651,0.709302325581395,0.398255813953488,0.494186046511628,"balanced_hitter"
"周佳樂","L",173,0.208092485549133,0.0520231213872832,0.248554913294798,0.0404624277456647,0.00578034682080925,0.0289017341040462,-0.104756548105291,-0.196099674972914,0.0404624277456647,0.265895953757225,0.653179190751445,"medium_sample",0.395348837209302,0.540697674418605,0.334302325581395,0.755813953488372,0.255813953488372,"balanced_hitter"
"陳真","R",172,0.22093023255814,0.122093023255814,0.244186046511628,0.0697674418604651,0.0174418604651163,0.0872093023255814,-0.0141419193704121,-0.154223610339914,0.063953488372093,0.348837209302326,0.558139534883721,"medium_sample",0.427325581395349,0.828488372093023,0.593023255813953,0.502906976744186,0.691860465116279,"power_hitter"
"劉俊緯","R",172,0.191860465116279,0.0465116279069767,0.238372093023256,0.0465116279069767,0.00581395348837209,0.0465116279069767,-0.085604604752919,-0.154223610339914,0.0523255813953488,0.238372093023256,0.633720930232558,"medium_sample",0.343023255813953,0.579941860465116,0.316860465116279,0.720930232558139,0.23546511627907,"balanced_hitter"
"林智平","R",168,0.291666666666667,0.0952380952380952,0.18452380952381,0.0892857142857143,0.00595238095238095,0.125,0.0450558661798697,-0.154223610339914,0.107142857142857,0.386904761904762,0.55952380952381,"medium_sample",0.741279069767442,0.787790697674419,0.668604651162791,0.383720930232558,0.880813953488372,"power_hitter"
"張閔勛","R",166,0.198795180722892,0.0481927710843374,0.126506024096386,0.0542168674698795,0.0120481927710843,0.0963855421686747,-0.0458285829495543,-0.154223610339914,0.072289156626506,0.289156626506024,0.608433734939759,"medium_sample",0.61046511627907,0.706395348837209,0.584302325581395,0.418604651162791,0.383720930232558,"balanced_hitter"
"王政順","L",159,0.238993710691824,0.0628930817610063,0.276729559748428,0.050314465408805,0.00628930817610063,0.0943396226415094,-0.0327130432610506,-0.154223610339914,0.10062893081761,0.327044025157233,0.566037735849057,"medium_sample",0.421511627906977,0.630813953488372,0.348837209302326,0.587209302325581,0.549418604651163,"balanced_hitter"
"王念好","R",158,0.189873417721519,0.107594936708861,0.272151898734177,0.069620253164557,0.00632911392405063,0.0886075949367089,-0.00236048362326623,-0.154223610339914,0.0822784810126582,0.30379746835443,0.550632911392405,"medium_sample",0.287790697674419,0.720930232558139,0.526162790697674,0.526162790697674,0.590116279069767,"balanced_hitter"
"吳明鴻","R",154,0.220779220779221,0.025974025974026,0.279220779220779,0.0454545454545455,0.00649350649350649,0.0844155844155844,-0.0637252640792031,-0.154223610339914,0.0649350649350649,0.298701298701299,0.62987012987013,"medium_sample",0.354651162790698,0.578488372093023,0.191860465116279,0.779069767441861,0.366279069767442,"balanced_hitter"
"陳品捷","L",151,0.172185430463576,0.119205298013245,0.165562913907285,0.0264900662251656,0,0.0860927152317881,-0.0266438432006203,-0.154223610339914,0.0529801324503311,0.298013245033113,0.602649006622517,"medium_sample",0.482558139534884,0.290697674418605,0.767441860465116,0.482558139534884,0.459302325581395,"patient_hitter"
"馮健庭","R",151,0.258278145695364,0.0596026490066225,0.211920529801325,0.0463576158940397,0,0.0397350993377483,-0.0394207286209239,-0.154223610339914,0.033112582781457,0.311258278145695,0.609271523178808,"medium_sample",0.604651162790698,0.392441860465116,0.441860465116279,0.642441860465116,0.476744186046512,"balanced_hitter"
"郭永維","R",146,0.212328767123288,0.0342465753424658,0.157534246575342,0.0136986301369863,0,0.0684931506849315,-0.054754526229705,-0.154223610339914,0.0410958904109589,0.301369863013699,0.589041095890411,"medium_sample",0.598837209302326,0.273255813953488,0.468023255813953,0.421511627906977,0.395348837209302,"balanced_hitter"
"郭阜林","R",144,0.1875,0.0625,0.256944444444444,0.0763888888888889,0.0138888888888889,0.0416666666666667,-0.0556217505332309,-0.154223610339914,0.0347222222222222,0.305555555555556,0.625,"medium_sample",0.299418604651163,0.831395348837209,0.380813953488372,0.73546511627907,0.401162790697674,"power_hitter"
"宋晟睿","R",142,0.302816901408451,0.0563380281690141,0.21830985915493,0.0492957746478873,0.0211267605633803,0.0985915492957746,0.0671583842962604,-0.154223610339914,0.0845070422535211,0.401408450704225,0.507042253521127,"medium_sample",0.665697674418605,0.754360465116279,0.415697674418605,0.357558139534884,0.933139534883721,"power_hitter"
"孔念恩","L",142,0.190140845070423,0.0633802816901408,0.295774647887324,0.0492957746478873,0,0.0915492957746479,-0.068464105532508,-0.175161642656414,0.0633802816901408,0.267605633802817,0.640845070422535,"medium_sample",0.258720930232558,0.428779069767442,0.334302325581395,0.819767441860465,0.302325581395349,"high_risk_hitter"
"吳念庭","L",140,0.221428571428571,0.0642857142857143,0.164285714285714,0.0357142857142857,0.0142857142857143,0.0785714285714286,-0.0376957028711921,-0.154223610339914,0.0571428571428571,0.292857142857143,0.607142857142857,"medium_sample",0.619186046511628,0.595930232558139,0.604651162790698,0.494186046511628,0.415697674418605,"balanced_hitter"
"嚴宏鈞","L",139,0.244604316546763,0.0575539568345324,0.23021582733813,0.0647482014388489,0.0143884892086331,0.100719424460432,0.0158358865614767,-0.154223610339914,0.0719424460431655,0.316546762589928,0.568345323741007,"medium_sample",0.534883720930233,0.787790697674419,0.409883720930233,0.517441860465116,0.656976744186047,"power_hitter"
"余德龍","R",138,0.239130434782609,0.0797101449275362,0.159420289855072,0.0289855072463768,0,0.0579710144927536,-0.023703206715723,-0.154223610339914,0.0434782608695652,0.355072463768116,0.557971014492754,"medium_sample",0.674418604651163,0.303779069767442,0.674418604651163,0.311046511627907,0.671511627906977,"balanced_hitter"
"林益全","L",135,0.251851851851852,0.0296296296296296,0.103703703703704,0.0592592592592593,0.0148148148148148,0.0740740740740741,-0.0324935097117828,-0.154223610339914,0.0740740740740741,0.288888888888889,0.6,"medium_sample",0.851744186046512,0.770348837209302,0.566860465116279,0.34156976744186,0.421511627906977,"power_hitter"
"林家鋐","L",131,0.221374045801527,0.0305343511450382,0.221374045801527,0.0381679389312977,0,0.0610687022900763,-0.0554385584386908,-0.1675802245756,0.0763358778625954,0.267175572519084,0.648854961832061,"medium_sample",0.459302325581395,0.340116279069767,0.293604651162791,0.720930232558139,0.319767441860465,"balanced_hitter"
"林岱安","R",127,0.228346456692913,0.094488188976378,0.141732283464567,0.031496062992126,0,0.0708661417322835,-0.0067373475304171,-0.154223610339914,0.0393700787401575,0.354330708661417,0.566929133858268,"medium_sample",0.691860465116279,0.311046511627907,0.770348837209302,0.305232558139535,0.738372093023256,"patient_hitter"
"王勝偉","R",125,0.2,0.08,0.184,0.056,0,0.12,0.0491712120553568,-0.154223610339914,0.072,0.336,0.544,"medium_sample",0.48546511627907,0.473837209302326,0.623546511627907,0.334302325581395,0.796511627906977,"productive_hitter"
"宋嘉翔","L",121,0.190082644628099,0.0495867768595041,0.272727272727273,0.0413223140495868,0.00826446280991736,0.0826446280991736,-0.0657723137049742,-0.196099674972914,0.0578512396694215,0.239669421487603,0.644628099173554,"medium_sample",0.28343023255814,0.581395348837209,0.277616279069767,0.795058139534884,0.267441860465116,"balanced_hitter"
"葉子霆","R",121,0.148760330578512,0.0661157024793388,0.132231404958678,0.00826446280991736,0,0.0661157024793388,-0.0853498258548907,-0.1675802245756,0.0330578512396694,0.223140495867769,0.702479338842975,"medium_sample",0.523255813953488,0.267441860465116,0.683139534883721,0.534883720930233,0.229651162790698,"balanced_hitter"
"胡金龍","R",115,0.321739130434783,0.0521739130434783,0.0956521739130435,0.0521739130434783,0,0.104347826086957,0.0442322732228564,-0.154223610339914,0.0956521739130435,0.365217391304348,0.521739130434783,"medium_sample",0.950581395348837,0.450581395348837,0.654069767441861,0.0959302325581395,0.848837209302326,"contact_hitter"
"葉保弟","L",113,0.168141592920354,0.0530973451327434,0.309734513274336,0.0265486725663717,0,0.0530973451327434,-0.0733249018874138,-0.23876177466115,0.0530973451327434,0.238938053097345,0.68141592920354,"medium_sample",0.200581395348837,0.293604651162791,0.252906976744186,0.872093023255814,0.25,"weak_offense"
"紀慶然","L",107,0.186915887850467,0.0841121495327103,0.205607476635514,0.0186915887850467,0,0.0560747663551402,-0.052952120519479,-0.196099674972914,0.0467289719626168,0.280373831775701,0.635514018691589,"medium_sample",0.380813953488372,0.281976744186047,0.561046511627907,0.668604651162791,0.354651162790698,"balanced_hitter"
"林祖傑","R",103,0.262135922330097,0.0485436893203883,0.184466019417476,0.0679611650485437,0.00970873786407767,0.087378640776699,-0.00927488328556477,-0.154223610339914,0.058252427184466,0.320388349514563,0.524271844660194,"medium_sample",0.691860465116279,0.747093023255814,0.447674418604651,0.287790697674419,0.619186046511628,"balanced_hitter"
"王順和","R",103,0.271844660194175,0.0194174757281553,0.233009708737864,0.0388349514563107,0,0.058252427184466,-0.0387649970941002,-0.154223610339914,0.0776699029126214,0.300970873786408,0.563106796116505,"medium_sample",0.61046511627907,0.351744186046512,0.267441860465116,0.502906976744186,0.438953488372093,"balanced_hitter"
"黃劼希","R",101,0.257425742574257,0.0495049504950495,0.237623762376238,0.0495049504950495,0.0099009900990099,0.0693069306930693,-0.0260333608821798,-0.154223610339914,0.0495049504950495,0.306930693069307,0.584158415841584,"medium_sample",0.563953488372093,0.671511627906977,0.334302325581395,0.593023255813953,0.502906976744186,"balanced_hitter"
"蔡佳諺","R",100,0.23,0.07,0.2,0.09,0.03,0.09,0.0163204314505258,-0.154223610339914,0.1,0.32,0.64,"medium_sample",0.555232558139535,0.959302325581395,0.529069767441861,0.654069767441861,0.677325581395349,"power_hitter"
"楊祥禾","R",96,0.114583333333333,0.0729166666666667,0.25,0.0208333333333333,0,0.03125,-0.129034492566738,-0.196099674972914,0.03125,0.21875,0.666666666666667,"medium_sample",0.22093023255814,0.284883720930233,0.447674418604651,0.779069767441861,0.183139534883721,"weak_offense"
"林吳晉瑋","L",81,0.172839506172839,0.148148148148148,0.172839506172839,0.0246913580246914,0,0.037037037037037,-0.0270154685959025,-0.154223610339914,0.0864197530864197,0.308641975308642,0.592592592592593,"medium_sample",0.459302325581395,0.287790697674419,0.776162790697674,0.462209302325581,0.505813953488372,"patient_hitter"
"林靖凱","R",75,0.293333333333333,0.04,0.0933333333333333,0.0533333333333333,0,0.133333333333333,0.0115638348452796,-0.196099674972914,0.106666666666667,0.346666666666667,0.653333333333333,"small_sample",0.936046511627907,0.453488372093023,0.61046511627907,0.438953488372093,0.755813953488372,"limited_sample_hitter"
"林智勝","R",73,0.205479452054795,0.0684931506849315,0.205479452054795,0.0821917808219178,0.0136986301369863,0.0684931506849315,-0.0555429700564383,-0.154223610339914,0.0547945205479452,0.26027397260274,0.616438356164384,"small_sample",0.456395348837209,0.845930232558139,0.502906976744186,0.642441860465116,0.308139534883721,"limited_sample_hitter"
"蔣智賢","L",73,0.219178082191781,0.0547945205479452,0.178082191780822,0,0,0.0821917808219178,-0.0819045737093298,-0.154223610339914,0.0273972602739726,0.287671232876712,0.575342465753425,"small_sample",0.563953488372093,0.197674418604651,0.505813953488372,0.415697674418605,0.311046511627907,"limited_sample_hitter"
"鄭鎧文","R",72,0.166666666666667,0.125,0.319444444444444,0.0833333333333333,0.0277777777777778,0.0972222222222222,-0.00456574736100646,-0.154223610339914,0.0833333333333333,0.277777777777778,0.583333333333333,"small_sample",0.188953488372093,0.936046511627907,0.505813953488372,0.686046511627907,0.520348837209302,"limited_sample_hitter"
"張進德","L",70,0.228571428571429,0.0714285714285714,0.1,0.0428571428571429,0,0.0142857142857143,-0.0549222552267271,-0.154223610339914,0.0428571428571429,0.3,0.6,"small_sample",0.776162790697674,0.375,0.761627906976744,0.335755813953488,0.386627906976744,"limited_sample_hitter"
"何恆佑","L",70,0.185714285714286,0.0142857142857143,0.157142857142857,0.0428571428571429,0.0142857142857143,0.114285714285714,-0.0704857279965707,-0.23876177466115,0.0857142857142857,0.2,0.671428571428571,"small_sample",0.517441860465116,0.643895348837209,0.444767441860465,0.575581395348837,0.228197674418605,"limited_sample_hitter"
"姚冠瑋","R",69,0.202898550724638,0.072463768115942,0.202898550724638,0.0289855072463768,0,0.101449275362319,-0.0503326403863658,-0.154223610339914,0.0579710144927536,0.347826086956522,0.550724637681159,"small_sample",0.453488372093023,0.303779069767442,0.531976744186047,0.412790697674419,0.574127906976744,"limited_sample_hitter"
"吳東融","R",65,0.2,0.184615384615385,0.123076923076923,0.0153846153846154,0,0.107692307692308,0.0743248836125298,-0.0790490341753343,0.107692307692308,0.415384615384615,0.476923076923077,"small_sample",0.627906976744186,0.276162790697674,0.906976744186047,0.0988372093023256,0.950581395348837,"limited_sample_hitter"
"瑪仕革斯．俄霸律尼","L",65,0.2,0.0923076923076923,0.261538461538462,0.0307692307692308,0.0153846153846154,0.0923076923076923,-0.0202677107420432,-0.196099674972914,0.0769230769230769,0.307692307692308,0.615384615384615,"small_sample",0.322674418604651,0.590116279069767,0.5,0.732558139534884,0.521802325581395,"limited_sample_hitter"
"黃秉揚","R",64,0.125,0.078125,0.234375,0.015625,0,0.0625,-0.10421738819101,-0.154223610339914,0.015625,0.234375,0.59375,"small_sample",0.260174418604651,0.279069767441861,0.494186046511628,0.607558139534884,0.215116279069767,"limited_sample_hitter"
"蔡鎮宇","R",63,0.238095238095238,0.0793650793650794,0.126984126984127,0,0,0.0634920634920635,-0.0323381765682323,-0.154223610339914,0.0634920634920635,0.349206349206349,0.53968253968254,"small_sample",0.744186046511628,0.197674418604651,0.747093023255814,0.180232558139535,0.630813953488372,"limited_sample_hitter"
"洪瑋漢","L",63,0.0952380952380952,0.174603174603175,0.222222222222222,0,0,0,-0.148741849745232,-0.154223610339914,0,0.238095238095238,0.603174603174603,"small_sample",0.25,0.197674418604651,0.654069767441861,0.642441860465116,0.188953488372093,"limited_sample_hitter"
"辛元旭","R",62,0.290322580645161,0.0645161290322581,0.129032258064516,0.0645161290322581,0.0161290322580645,0.0967741935483871,0.0739268401348838,-0.154223610339914,0.0967741935483871,0.451612903225806,0.516129032258065,"small_sample",0.875,0.796511627906977,0.683139534883721,0.142441860465116,0.965116279069767,"limited_sample_hitter"
"陳飛霖","L",62,0.17741935483871,0.032258064516129,0.274193548387097,0.032258064516129,0,0.0806451612903226,-0.0890526836053249,-0.181839949774257,0.032258064516129,0.258064516129032,0.67741935483871,"small_sample",0.247093023255814,0.313953488372093,0.209302325581395,0.834302325581395,0.255813953488372,"limited_sample_hitter"
"劉時豪","L",60,0.25,0.0833333333333333,0.133333333333333,0.05,0,0.133333333333333,-0.0176463547556263,-0.154223610339914,0.1,0.333333333333333,0.6,"small_sample",0.777616279069767,0.4375,0.747093023255814,0.399709302325581,0.627906976744186,"limited_sample_hitter"
"豊暐","R",59,0.203389830508475,0.0338983050847458,0.23728813559322,0.0508474576271186,0,0.0677966101694915,-0.0343570576049124,-0.154223610339914,0.0677966101694915,0.271186440677966,0.610169491525424,"small_sample",0.395348837209302,0.447674418604651,0.281976744186047,0.680232558139535,0.392441860465116,"limited_sample_hitter"
"王苡丞","L",56,0.0714285714285714,0.0892857142857143,0.196428571428571,0.0357142857142857,0.0178571428571429,0.0714285714285714,-0.0639459456443154,-0.175161642656414,0.0892857142857143,0.196428571428571,0.678571428571429,"small_sample",0.299418604651163,0.626453488372093,0.619186046511628,0.683139534883721,0.232558139534884,"limited_sample_hitter"
"柯育民","R",53,0.264150943396226,0.0377358490566038,0.169811320754717,0.0754716981132075,0,0.0754716981132075,-0.0507371895382744,-0.154223610339914,0.0377358490566038,0.30188679245283,0.622641509433962,"small_sample",0.738372093023256,0.558139534883721,0.447674418604651,0.537790697674419,0.412790697674419,"limited_sample_hitter"
"劉俊豪","L",50,0.3,0.08,0.2,0.06,0,0.1,0.0550046238528538,-0.136364256150349,0.08,0.4,0.54,"small_sample",0.709302325581395,0.494186046511628,0.57703488372093,0.363372093023256,0.915697674418605,"limited_sample_hitter"
"黃柏豪","L",50,0.2,0.06,0.12,0.08,0.02,0.12,-0.0176648066683133,-0.154223610339914,0.04,0.26,0.56,"small_sample",0.63953488372093,0.901162790697674,0.683139534883721,0.226744186046512,0.433139534883721,"limited_sample_hitter"
"李勛傑","R",42,0.166666666666667,0.166666666666667,0.238095238095238,0,0,0,-0.103706817441767,-0.217430724817032,0,0.333333333333333,0.595238095238095,"small_sample",0.290697674418605,0.197674418604651,0.627906976744186,0.622093023255814,0.444767441860465,"limited_sample_hitter"
"陳思仲","R",41,0.146341463414634,0.0487804878048781,0.219512195121951,0,0,0.0731707317073171,-0.0509343924182789,-0.196099674972914,0.0731707317073171,0.195121951219512,0.75609756097561,"small_sample",0.299418604651163,0.197674418604651,0.354651162790698,0.781976744186047,0.261627906976744,"limited_sample_hitter"
"林培緯","R",40,0.25,0.025,0.15,0.075,0.025,0.1,-0.00438464426525464,-0.154223610339914,0.075,0.325,0.6,"small_sample",0.742732558139535,0.892441860465116,0.465116279069767,0.434593023255814,0.665697674418605,"limited_sample_hitter"
"吳桀睿","R",38,0.131578947368421,0.105263157894737,0.105263157894737,0,0,0.0263157894736842,-0.110141180289801,-0.154223610339914,0,0.263157894736842,0.631578947368421,"small_sample",0.555232558139535,0.197674418604651,0.866279069767442,0.415697674418605,0.25,"limited_sample_hitter"
"陳世嘉","L",37,0.189189189189189,0.108108108108108,0.27027027027027,0,0,0.0810810810810811,-0.0247757577604653,-0.154223610339914,0.0540540540540541,0.324324324324324,0.540540540540541,"small_sample",0.287790697674419,0.197674418604651,0.531976744186047,0.491279069767442,0.568313953488372,"limited_sample_hitter"
"林辰勳","R",36,0.138888888888889,0.0555555555555556,0.25,0,0,0,-0.12276017638314,-0.196099674972914,0,0.222222222222222,0.666666666666667,"small_sample",0.25,0.197674418604651,0.351744186046512,0.779069767441861,0.199127906976744,"limited_sample_hitter"
"蘇緯達","L",35,0.114285714285714,0.2,0.285714285714286,0.0285714285714286,0,0,-0.0887600706122889,-0.196099674972914,0,0.314285714285714,0.6,"small_sample",0.161337209302326,0.299418604651163,0.566860465116279,0.718023255813953,0.386627906976744,"limited_sample_hitter"
"冉承霖","L",35,0.0857142857142857,0.0571428571428571,0.285714285714286,0,0,0,-0.165673103130333,-0.154223610339914,0,0.142857142857143,0.714285714285714,"small_sample",0.143895348837209,0.197674418604651,0.311046511627907,0.863372093023256,0.130813953488372,"limited_sample_hitter"
"徐博瑋","R",30,0.133333333333333,0.2,0.2,0,0,0.133333333333333,0.105472762513806,-0.154223610339914,0.166666666666667,0.4,0.533333333333333,"small_sample",0.343023255813953,0.197674418604651,0.722383720930233,0.350290697674419,0.941860465116279,"limited_sample_hitter"
"周思齊","L",30,0.133333333333333,0.233333333333333,0.133333333333333,0.0333333333333333,0,0.0333333333333333,-0.0432088764435409,-0.150899377789305,0,0.4,0.533333333333333,"small_sample",0.505813953488372,0.316860465116279,0.895348837209302,0.1875,0.656976744186046,"limited_sample_hitter"
"楊竣翔","R",26,0.5,0.0384615384615385,0.0769230769230769,0,0,0.153846153846154,0.1572945231422,0.173958628979749,0.115384615384615,0.538461538461538,0.423076923076923,"small_sample",0.979651162790698,0.197674418604651,0.617732558139535,0.0319767441860465,0.994186046511628,"limited_sample_hitter"
"黃勇傳","L",26,0.307692307692308,0.0384615384615385,0.153846153846154,0.0769230769230769,0,0.192307692307692,0.0478929038966852,-0.0987769680680597,0.115384615384615,0.423076923076923,0.5,"small_sample",0.832848837209302,0.571220930232558,0.488372093023256,0.1875,0.924418604651163,"limited_sample_hitter"
"張翔","R",25,0.2,0.04,0.32,0.04,0,0.08,-0.0692195422265605,-0.23876177466115,0.08,0.28,0.6,"small_sample",0.255813953488372,0.354651162790698,0.194767441860465,0.745639534883721,0.316860465116279,"limited_sample_hitter"
"鍾玉成","L",25,0.12,0.04,0.36,0,0,0,-0.210453828688165,-0.23876177466115,0,0.12,0.72,"small_sample",0.125,0.197674418604651,0.177325581395349,0.912790697674419,0.101744186046512,"limited_sample_hitter"
"石翔宇","R",24,0.25,0.0416666666666667,0.25,0,0,0.0833333333333333,-0.000276303152491793,-0.154223610339914,0.0416666666666667,0.291666666666667,0.541666666666667,"small_sample",0.515988372093023,0.197674418604651,0.287790697674419,0.470930232558139,0.552325581395349,"limited_sample_hitter"
"高聖恩","R",23,0.130434782608696,0.173913043478261,0.260869565217391,0.0434782608695652,0,0.0434782608695652,-0.0427389799595083,-0.0790490341753343,0.0434782608695652,0.304347826086957,0.478260869565217,"small_sample",0.22093023255814,0.380813953488372,0.595930232558139,0.40406976744186,0.444767441860465,"limited_sample_hitter"
"張洺瑀","L",22,0.0909090909090909,0.0454545454545455,0.181818181818182,0.0909090909090909,0,0.0454545454545455,-0.047423942416438,-0.116636322257624,0.0454545454545455,0.181818181818182,0.5,"small_sample",0.356104651162791,0.613372093023256,0.444767441860465,0.252906976744186,0.26453488372093,"limited_sample_hitter"
"林書逸","L",22,0.272727272727273,0.0454545454545455,0.272727272727273,0,0,0.0454545454545455,-0.0527522008002555,-0.0790490341753343,0,0.409090909090909,0.409090909090909,"small_sample",0.54796511627907,0.197674418604651,0.257267441860465,0.411337209302326,0.642441860465116,"limited_sample_hitter"
"胡冠俞","R",20,0.15,0.1,0.3,0.05,0,0.05,-0.0223785126287717,-0.154223610339914,0.1,0.25,0.55,"small_sample",0.190406976744186,0.4375,0.469476744186047,0.5625,0.396802325581395,"limited_sample_hitter"
"邱辰","R",18,0.388888888888889,0.0555555555555556,0.111111111111111,0.0555555555555556,0,0,-0.0194723899198879,-0.175161642656414,0,0.444444444444444,0.555555555555556,"tiny_sample",0.938953488372093,0.469476744186047,0.659883720930233,0.199127906976744,0.76453488372093,"limited_sample_hitter"
"林禹叡","L",18,0.111111111111111,0.0555555555555556,0.333333333333333,0,0,0,-0.12487684388549,-0.154223610339914,0,0.166666666666667,0.555555555555556,"tiny_sample",0.120639534883721,0.197674418604651,0.257267441860465,0.601744186046512,0.161337209302326,"limited_sample_hitter"
"林泓弦","L",17,0.117647058823529,0.176470588235294,0.0588235294117647,0.0588235294117647,0,0.117647058823529,0.0164066494643771,-0.154223610339914,0.0588235294117647,0.294117647058824,0.588235294117647,"tiny_sample",0.575581395348837,0.488372093023256,0.968023255813953,0.273255813953488,0.588662790697674,"limited_sample_hitter"
"施冠宇","R",16,0.0625,0.125,0.25,0,0,0,-0.0705292043998615,-0.154223610339914,0,0.25,0.6875,"tiny_sample",0.183139534883721,0.197674418604651,0.587209302325581,0.799418604651163,0.263081395348837,"limited_sample_hitter"
"唐肇廷","L",15,0.0666666666666667,0.266666666666667,0.133333333333333,0,0,0.0666666666666667,-0.0928935694572578,-0.196099674972914,0,0.333333333333333,0.6,"tiny_sample",0.447674418604651,0.197674418604651,0.898255813953488,0.399709302325581,0.447674418604651,"limited_sample_hitter"
"顏清浤","L",15,0.2,0,0.266666666666667,0,0,0.0666666666666667,-0.142242145426207,-0.23876177466115,0.0666666666666667,0.2,0.8,"tiny_sample",0.319767441860465,0.197674418604651,0.162790697674419,0.856104651162791,0.170058139534884,"limited_sample_hitter"
"全浩瑋","R",15,0.133333333333333,0,0.333333333333333,0,0,0,-0.277232270951136,-0.23876177466115,0,0.133333333333333,0.733333333333333,"tiny_sample",0.149709302325581,0.197674418604651,0.0886627906976744,0.908430232558139,0.0784883720930233,"limited_sample_hitter"
"邱丹","L",13,0.153846153846154,0.230769230769231,0.230769230769231,0.0769230769230769,0,0.0769230769230769,0.0430293551100294,-0.154223610339914,0,0.384615384615385,0.538461538461538,"tiny_sample",0.296511627906977,0.571220930232558,0.665697674418605,0.421511627906977,0.866279069767442,"limited_sample_hitter"
"潘瑋祥","L",13,0.0769230769230769,0,0.307692307692308,0,0,0.0769230769230769,-0.154752388489356,-0.23876177466115,0.0769230769230769,0.153846153846154,0.769230769230769,"tiny_sample",0.119186046511628,0.197674418604651,0.11046511627907,0.904069767441861,0.136627906976744,"limited_sample_hitter"
"林瑞鈞","L",12,0.0833333333333333,0,0.166666666666667,0,0,0,-0.133033739875466,-0.154223610339914,0,0.0833333333333333,0.583333333333333,"tiny_sample",0.388081395348837,0.197674418604651,0.375,0.412790697674419,0.126453488372093,"limited_sample_hitter"
"杜禹鋒","R",12,0.0833333333333333,0,0.5,0,0,0,-0.188748071367269,-0.151824899362858,0,0.0833333333333333,0.583333333333333,"tiny_sample",0.0813953488372093,0.197674418604651,0.0683139534883721,0.719476744186047,0.100290697674419,"limited_sample_hitter"
"張仁瑋","R",11,0.363636363636364,0,0.0909090909090909,0,0,0,-0.0197193935959503,-0.154223610339914,0,0.454545454545455,0.545454545454545,"tiny_sample",0.965116279069767,0.197674418604651,0.520348837209302,0.148255813953488,0.767441860465116,"limited_sample_hitter"
"張偉聖","L",11,0.0909090909090909,0,0.272727272727273,0,0,0,-0.128207953897485,-0.154223610339914,0,0.0909090909090909,0.636363636363636,"tiny_sample",0.168604651162791,0.197674418604651,0.146802325581395,0.781976744186047,0.136627906976744,"limited_sample_hitter"
"李展毅","R",11,0.181818181818182,0,0.272727272727273,0.0909090909090909,0,0,-0.176822982187653,-0.154223610339914,0,0.181818181818182,0.636363636363636,"tiny_sample",0.260174418604651,0.613372093023256,0.146802325581395,0.781976744186047,0.136627906976744,"limited_sample_hitter"
"董秉軒","L",11,0.181818181818182,0,0.181818181818182,0.0909090909090909,0,0,-0.233933668755254,-0.154223610339914,0,0.181818181818182,0.818181818181818,"tiny_sample",0.447674418604651,0.613372093023256,0.334302325581395,0.688953488372093,0.116279069767442,"limited_sample_hitter"
"張士綸","L",10,0.1,0.1,0.3,0.1,0,0.1,0.0103614903807523,-0.154223610339914,0.1,0.2,0.6,"tiny_sample",0.143895348837209,0.619186046511628,0.469476744186047,0.729651162790698,0.460755813953488,"limited_sample_hitter"
"楊泯貽","R",9,0.222222222222222,0,0.333333333333333,0,0,0.222222222222222,0.108269472211364,-0.154223610339914,0.222222222222222,0.222222222222222,0.666666666666667,"tiny_sample",0.328488372093023,0.197674418604651,0.0886627906976744,0.873546511627907,0.594476744186046,"limited_sample_hitter"
"張皓崴","L",8,0.125,0,0.25,0,0,0,-0.249714304973696,-0.217430724817032,0,0.125,0.75,"tiny_sample",0.231104651162791,0.197674418604651,0.183139534883721,0.821220930232558,0.0901162790697674,"limited_sample_hitter"
"馬鋼","R",7,0.285714285714286,0.142857142857143,0.285714285714286,0,0,0.142857142857143,0.129263971825741,-0.0790490341753343,0.142857142857143,0.428571428571429,0.428571428571429,"tiny_sample",0.539244186046512,0.197674418604651,0.545058139534884,0.438953488372093,0.976744186046512,"limited_sample_hitter"
"黃鈞聲","R",7,0,0,0.285714285714286,0,0,0,-0.180613701699761,-0.0790490341753343,0,0,0.428571428571429,"tiny_sample",0.101744186046512,0.197674418604651,0.126453488372093,0.438953488372093,0.0770348837209302,"limited_sample_hitter"
"林澤彬","L",7,0,0,0.142857142857143,0,0,0,-0.269113832052252,-0.154223610339914,0,0,0.714285714285714,"tiny_sample",0.396802325581395,0.197674418604651,0.421511627906977,0.568313953488372,0.0450581395348837,"limited_sample_hitter"
"林志綱","L",6,0.166666666666667,0,0.166666666666667,0,0,0,-0.226116935804912,-0.270808934149408,0,0.166666666666667,0.666666666666667,"tiny_sample",0.462209302325581,0.197674418604651,0.375,0.587209302325581,0.111918604651163,"limited_sample_hitter"
"陳維祥","L",6,0,0,0.5,0,0,0,-0.254651950753657,-0.23876177466115,0,0,0.833333333333333,"tiny_sample",0.0436046511627907,0.197674418604651,0.0683139534883721,0.957848837209302,0.0508720930232558,"limited_sample_hitter"
"劉貴元","L",5,0.6,0,0.2,0.2,0,0.4,0.39972856371679,0.391628203585012,0.4,0.6,0.4,"tiny_sample",0.73546511627907,0.627906976744186,0.281976744186046,0.271802325581395,1,"limited_sample_hitter"
"陳統恩","R",5,0.2,0,0,0,0,0.2,0.0339741890397471,-0.0790490341753343,0.2,0.2,0.4,"tiny_sample",0.700581395348837,0.197674418604651,0.543604651162791,0.0101744186046512,0.510174418604651,"limited_sample_hitter"
"陽念祖","R",5,0,0,0.4,0,0,0,-0.166344258529177,-0.196099674972914,0,0,0.6,"tiny_sample",0.0537790697674419,0.197674418604651,0.0784883720930233,0.765988372093023,0.0857558139534884,"limited_sample_hitter"
"高國慶","R",5,0,0,0.6,0,0,0.2,-0.273291538052346,-0.23876177466115,0,0,0.6,"tiny_sample",0.0334302325581396,0.197674418604651,0.058139534883721,0.786337209302326,0.0421511627906977,"limited_sample_hitter"
"許庭綸","R",5,0,0,0.2,0,0,0,-0.349256053865422,-0.23876177466115,0,0,0.8,"tiny_sample",0.257267441860465,0.197674418604651,0.281976744186046,0.736918604651163,0.0334302325581395,"limited_sample_hitter"
"陳致嘉","R",4,0.25,0,0.5,0,0,0,-0.127105338415874,-0.137574354574124,0,0.25,0.5,"tiny_sample",0.401162790697674,0.197674418604651,0.0683139534883721,0.518895348837209,0.219476744186047,"limited_sample_hitter"
"曾冠傑","R",4,0.25,0,0.5,0,0,0,-0.171024870504516,-0.217430724817032,0,0.25,0.75,"tiny_sample",0.401162790697674,0.197674418604651,0.0683139534883721,0.936046511627907,0.193313953488372,"limited_sample_hitter"
"黃鈞麟","L",4,0,0,0.25,0,0,0,-0.219654334490057,-0.228259488215317,0,0,0.75,"tiny_sample",0.15843023255814,0.197674418604651,0.183139534883721,0.821220930232558,0.0654069767441861,"limited_sample_hitter"
"朱迦恩","L",4,0,0,0.25,0,0,0,-0.261512843894558,-0.270018024634034,0,0,0.75,"tiny_sample",0.15843023255814,0.197674418604651,0.183139534883721,0.821220930232558,0.0479651162790698,"limited_sample_hitter"
"田子杰","L",4,0,0,0.5,0,0,0,-0.445443436207951,-0.424820895683078,0,0,1,"tiny_sample",0.0436046511627907,0.197674418604651,0.0683139534883721,0.969476744186047,0.0218023255813953,"limited_sample_hitter"
"毛英傑","R",3,0.333333333333333,0,0.333333333333333,0.333333333333333,0,0,0.046019654059147,-0.154223610339914,0,0.333333333333333,0.666666666666667,"tiny_sample",0.530523255813953,0.630813953488372,0.0886627906976744,0.873546511627907,0.776162790697674,"limited_sample_hitter"
"曾傳昇","L",2,0,0,0,0,0,0,-0.290594951237373,-0.290594951237373,0,0,1,"tiny_sample",0.518895348837209,0.197674418604651,0.543604651162791,0.494186046511628,0.0363372093023256,"limited_sample_hitter"
"陳家駒","L",2,0,0,0.5,0,0,0,-0.375711904158356,-0.375711904158356,0,0,1,"tiny_sample",0.0436046511627907,0.197674418604651,0.0683139534883721,0.969476744186047,0.0247093023255814,"limited_sample_hitter"
"周委宏","L",1,0,0,1,0,0,0,-0.0790490341753343,-0.0790490341753343,0,0,0,"tiny_sample",0.0261627906976744,0.197674418604651,0.0508720930232558,0.495639534883721,0.146802325581395,"limited_sample_hitter"
"謝榮豪","R",1,0,0,1,0,0,0,-0.196099674972914,-0.196099674972914,0,0,1,"tiny_sample",0.0261627906976744,0.197674418604651,0.0508720930232558,0.986918604651163,0.0712209302325581,"limited_sample_hitter"
"蕭憶銘","R",1,0,0,0,0,0,0,-0.23876177466115,-0.23876177466115,0,0,1,"tiny_sample",0.518895348837209,0.197674418604651,0.543604651162791,0.494186046511628,0.0566860465116279,"limited_sample_hitter"
"李聖裕","L",1,0,0,1,0,0,0,-0.366288673181578,-0.366288673181578,0,0,1,"tiny_sample",0.0261627906976744,0.197674418604651,0.0508720930232558,0.986918604651163,0.0290697674418605,"limited_sample_hitter"
"林岳谷","R",1,0,0,1,0,0,0,-0.366288673181578,-0.366288673181578,0,0,1,"tiny_sample",0.0261627906976744,0.197674418604651,0.0508720930232558,0.986918604651163,0.0290697674418605,"limited_sample_hitter"
